Workbook

Sheet Inventory
B1: No. 序号 | C1: K | D1: Pic. 图片 | E1: Chinese Name 中文名称 | F1: English Name 英文名称 | G1: Brand(supplier) 品牌 | H1: Model 型号 | I1: Safetystock 安全库存 | J1: Units 单位 | K1: Group 类别 | L1: 等级 class | M1: 单价 unit CNY | N1: Location 库存位置 | O1: Original quantity 原始库存 | P1: Quantity 库存数量 | Q1: material NO. 物料号 | R1: 总价 tatal CNY | S1: reorder quantity 再订货量 | T1: 交货期 deliver period | U1: Supplier channel 供货渠道 | V1: 产线 line | W1: 有效期至 period of validity | X1: 货期 Lead Time | Y1: 备注 | Z1: 唯一性 unique | AA1: 质量 Q | AB1: 安全 S | AC1: 价格 V | AD1: 交期 D | AE1: 所在设备重要性 P | AF1: 分值 Sum
B2: 2931 | E2: 压花玻纤过滤器 | F2: glass fibre filter | G2: JAF | H2: 592*592*96 flange | I2: 12 | J2: Ea | K2: M | L2: A | N2: MT10-A1 | O2: 25 | P2: =O2+SUMIF(IN!F:F,Inventory!H:H,IN!M:M)-SUMIF(OUT!F:F,Inventory!H:H,OUT!M:M) -> 23 | Q2: T.03.03.M0532 | R2: =M2*P2 -> 0 | T2: 30 | U2: C | V2: EM | W2: 1825 | X2: 15 | Z2: 0 | AA2: 5 | AB2: 3 | AC2: 4 | AD2: 5 | AE2: 5 | AF2: =AA2*0.1+AB2*0.1+AC2*0.2+AD2*0.3+AE2*0.3 -> 4.6
B3: 3829 | E3: 压花玻纤过滤器 | F3: glass fibre filter | G3: JAF 595*287 | H3: 592*287*96mm flange | I3: 2 | J3: Ea | K3: M | L3: A | N3: MT10-A1 | O3: 2 | P3: =O3+SUMIF(IN!F:F,Inventory!H:H,IN!M:M)-SUMIF(OUT!F:F,Inventory!H:H,OUT!M:M) -> 0 | R3: =M3*P3 -> 0 | T3: 30 | U3: L | V3: EM5 | W3: 3650 | X3: 30 | Z3: 0 | AA3: 5 | AB3: 3 | AC3: 4 | AD3: 5 | AE3: 5 | AF3: =AA3*0.1+AB3*0.1+AC3*0.2+AD3*0.3+AE3*0.3 -> 4.6
B4: 0637 | E4: 气缸 | F4: steam cylinder | G4: FESTO 578005 | H4: DSBC-X-L-63-1000-PPVA-M16P | I4: 1 | J4: Ea | K4: M | L4: C | N4: MT10-A1 | O4: 1 | P4: =O4+SUMIF(IN!F:F,Inventory!H:H,IN!M:M)-SUMIF(OUT!F:F,Inventory!H:H,OUT!M:M) -> 1 | Q4: T.03.03.M0074 | R4: =M4*P4 -> 0 | T4: 30 | U4: C | V4: CM | W4: 1000 | X4: 60 | Z4: 0 | AA4: 5 | AB4: 4 | AC4: 5 | AD4: 5 | AE4: 5 | AF4: =AA4*0.1+AB4*0.1+AC4*0.2+AD4*0.3+AE4*0.3 -> 4.9
B5: 1172 | C5: K | E5: 压花过滤器 | F5: filter | G5: 科德宝 | H5: MCT85-0592*0592*096-IG-G-0-0-A | I5: 2 | J5: Ea | K5: M | L5: A | N5: MT10-A1 | O5: 3 | P5: 3 | Q5: T.03.03.M0321 | R5: =M5*P5 -> 0 | T5: 35 | U5: C | V5: EM | W5: 1000 | Z5: 0 | AA5: 5 | AB5: 5 | AC5: 5 | AD5: 5 | AE5: 4 | AF5: =AA5*0.1+AB5*0.1+AC5*0.2+AD5*0.3+AE5*0.3 -> 4.7
B6: 1818 | E6: 印刷扁过滤器 | F6: filter | G6: FOT | H6: MCT85-0592*0878*050-DG-A-5-3 | I6: 2 | J6: Ea | K6: M | L6: B | N6: MT10-A1 | O6: 5 | P6: =O6+SUMIF(IN!F:F,Inventory!H:H,IN!M:M)-SUMIF(OUT!F:F,Inventory!H:H,OUT!M:M) -> 5 | Q6: T.03.03.M0560 | R6: =M6*P6 -> 0 | T6: 45 | U6: C | V6: LM | W6: 1825 | Z6: 0 | AA6: 5 | AB6: 5 | AC6: 5 | AD6: 5 | AE6: 5 | AF6: =AA6*0.1+AB6*0.1+AC6*0.2+AD6*0.3+AE6*0.3 -> 5
B7: 1819 | E7: 印刷扁过滤器 | F7: filter | G7: FOT | H7: MCT85-0290*0878*050-DG-A-5-3 | I7: 2 | J7: Ea | K7: M | L7: B | N7: MT10-A1 | O7: 5 | P7: =O7+SUMIF(IN!F:F,Inventory!H:H,IN!M:M)-SUMIF(OUT!F:F,Inventory!H:H,OUT!M:M) -> 5 | Q7: T.03.03.M0559 | R7: =M7*P7 -> 0 | T7: 45 | U7: C | V7: LM | W7: 1825 | Z7: 0 | AA7: 5 | AB7: 4 | AC7: 5 | AD7: 5 | AE7: 4 | AF7: =AA7*0.1+AB7*0.1+AC7*0.2+AD7*0.3+AE7*0.3 -> 4.6
B8: 0587 | E8: 气缸 | F8: steam cylinder | G8: FESTO 536327 | H8: ADN-50-50-I-P-A | I8: 1 | J8: Ea | K8: M | L8: B | N8: MT10-A2 | O8: 4 | P8: =O8+SUMIF(IN!F:F,Inventory!H:H,IN!M:M)-SUMIF(OUT!F:F,Inventory!H:H,OUT!M:M) -> 4 | Q8: T.03.03.M0073 | R8: =M8*P8 -> 0 | T8: 60 | U8: O | V8: PMR | W8: 1000 | X8: 30 | Z8: 0 | AA8: 5 | AB8: 5 | AC8: 5 | AD8: 5 | AE8: 5 | AF8: =AA8*0.1+AB8*0.1+AC8*0.2+AD8*0.3+AE8*0.3 -> 5
B9: 0593 | E9: 气缸 | F9: steam cylinder | G9: FESTO 578949 | H9: DSNU-25-90-PPV-A | I9: 1 | J9: Ea | K9: M | L9: B | N9: MT10-A2 | O9: 1 | P9: =O9+SUMIF(IN!F:F,Inventory!H:H,IN!M:M)-SUMIF(OUT!F:F,Inventory!H:H,OUT!M:M) -> 1 | Q9: T.03.03.M0083 | R9: =M9*P9 -> 0 | T9: 60 | U9: C | W9: 3650 | X9: 30 | Z9: 0 | AA9: 5 | AB9: 5 | AC9: 3 | AD9: 5 | AE9: 5 | AF9: =AA9*0.1+AB9*0.1+AC9*0.2+AD9*0.3+AE9*0.3 -> 4.6
B10: 0594 | E10: 气缸 | F10: steam cylinder | G10: CHELIC | H10: JD32X40-B | I10: 1 | J10: Ea | K10: M | L10: B | N10: MT10-A2 | O10: 2 | P10: =O10+SUMIF(IN!F:F,Inventory!H:H,IN!M:M)-SUMIF(OUT!F:F,Inventory!H:H,OUT!M:M) -> 2 | Q10: T.03.03.M0049 | R10: =M10*P10 -> 0 | T10: 45 | U10: C | V10: PMR | W10: 1000 | Z10: 0 | AA10: 4 | AB10: 5 | AC10: 5 | AD10: 4 | AE10: 5 | AF10: =AA10*0.1+AB10*0.1+AC10*0.2+AD10*0.3+AE10*0.3 -> 4.6
B11: 0595 | C11: K | E11: 气缸 | F11: steam cylinder | G11: IMI NORGREN | H11: RT/57240/M/EX/40 | I11: 2 | J11: Ea | K11: M | L11: B | N11: MT10-A2 | O11: 4 | P11: =O11+SUMIF(IN!F:F,Inventory!H:H,IN!M:M)-SUMIF(OUT!F:F,Inventory!H:H,OUT!M:M) -> 4 | Q11: T.03.03.M0156 T.03.03.M0552 | R11: =M11*P11 -> 0 | T11: 60 | U11: O | V11: LM | W11: 1000 | Z11: 0 | AA11: 4 | AB11: 4 | AC11: 4 | AD11: 5 | AE11: 5 | AF11: =AA11*0.1+AB11*0.1+AC11*0.2+AD11*0.3+AE11*0.3 -> 4.6
B12: 0602 | E12: 气缸 | F12: cylinder | G12: CHELIC | H12: DU100-150 | I12: 2 | J12: Ea | K12: M | L12: B | N12: MT10-A2 | O12: 5 | P12: =O12+SUMIF(IN!F:F,Inventory!H:H,IN!M:M)-SUMIF(OUT!F:F,Inventory!H:H,OUT!M:M) -> 4 | Q12: T.03.03.M0214 | R12: =M12*P12 -> 0 | T12: 30 | U12: L | V12: EM | W12: 1000 | Z12: 0 | AA12: 5 | AB12: 1 | AC12: 5 | AD12: 5 | AE12: 5 | AF12: =AA12*0.1+AB12*0.1+AC12*0.2+AD12*0.3+AE12*0.3 -> 4.6
B13: 0604 | E13: 气缸 | F13: sliding seat sylinder | G13: CHELIC | H13: JCF 6375 | I13: 1 | J13: Ea | K13: M | L13: B | N13: MT10-A2 | O13: 1 | P13: =O13+SUMIF(IN!F:F,Inventory!H:H,IN!M:M)-SUMIF(OUT!F:F,Inventory!H:H,OUT!M:M) -> 2 | Q13: T.03.03.M0223 | R13: =M13*P13 -> 0 | T13: 30 | U13: O | W13: 1000 | Z13: 0 | AA13: 2 | AB13: 5 | AC13: 5 | AD13: 5 | AE13: 5 | AF13: =AA13*0.1+AB13*0.1+AC13*0.2+AD13*0.3+AE13*0.3 -> 4.7
B14: 0620 | E14: 气缸 | F14: steam cylinder | G14: FESTO 188264 | H14: ADVC-50-10-I-P-A | I14: 1 | J14: Ea | K14: M | L14: C | N14: MT10-A2 | O14: 2 | P14: =O14+SUMIF(IN!F:F,Inventory!H:H,IN!M:M)-SUMIF(OUT!F:F,Inventory!H:H,OUT!M:M) -> 2 | R14: =M14*P14 -> 0 | T14: 30 | U14: O | V14: LM | W14: 1000 | Z14: 0 | AA14: 5 | AB14: 5 | AC14: 3 | AD14: 5 | AE14: 5 | AF14: =AA14*0.1+AB14*0.1+AC14*0.2+AD14*0.3+AE14*0.3 -> 4.6
B15: 0622 | E15: 气缸 | F15: steam cylinder | G15: FESTO 1366950 | H15: DSBC-50-50-PPVA-N3 | I15: 1 | J15: Ea | K15: M | L15: B | N15: MT10-A2 | O15: 2 | P15: =O15+SUMIF(IN!F:F,Inventory!H:H,IN!M:M)-SUMIF(OUT!F:F,Inventory!H:H,OUT!M:M) -> 2 | R15: =M15*P15 -> 0 | T15: 45 | U15: C | V15: PMR | W15: 1000 | Z15: 0 | AA15: 5 | AB15: 5 | AC15: 5 | AD15: 4 | AE15: 5 | AF15: =AA15*0.1+AB15*0.1+AC15*0.2+AD15*0.3+AE15*0.3 -> 4.7
B16: 0633 | C16: K | E16: 气缸 | F16: steam cylinder | G16: FESTO 19245 | H16: DSNU-25-40-PPV-A | I16: 2 | J16: Ea | K16: M | L16: B | N16: MT10-A2 | O16: 3 | P16: =O16+SUMIF(IN!F:F,Inventory!H:H,IN!M:M)-SUMIF(OUT!F:F,Inventory!H:H,OUT!M:M) -> 3 | Q16: T.03.03.M0082 | R16: =M16*P16 -> 0 | T16: 60 | U16: C | V16: CM | W16: 3650 | Z16: 0 | AA16: 5 | AB16: 4 | AC16: 4 | AD16: 5 | AE16: 5 | AF16: =AA16*0.1+AB16*0.1+AC16*0.2+AD16*0.3+AE16*0.3 -> 4.7
B17: 1568 | E17: 气缸 | F17: steam cylinder | G17: CHELIC | H17: DU50100CA | I17: 1 | J17: Ea | K17: M | L17: B | N17: MT10-A2 | O17: 2 | P17: =O17+SUMIF(IN!F:F,Inventory!H:H,IN!M:M)-SUMIF(OUT!F:F,Inventory!H:H,OUT!M:M) -> 2 | R17: =M17*P17 -> 0 | T17: 45 | U17: C | W17: 1000 | Z17: 0 | AA17: 5 | AB17: 1 | AC17: 5 | AD17: 5 | AE17: 5 | AF17: =AA17*0.1+AB17*0.1+AC17*0.2+AD17*0.3+AE17*0.3 -> 4.6
B18: 1571 | E18: 气缸 | F18: steam cylinder | G18: CHELIC | H18: DU8050FA | I18: 1 | J18: Ea | K18: M | L18: B | N18: MT10-A2 | O18: 3 | P18: =O18+SUMIF(IN!F:F,Inventory!H:H,IN!M:M)-SUMIF(OUT!F:F,Inventory!H:H,OUT!M:M) -> 3 | Q18: T.03.03.M0241 | R18: =M18*P18 -> 0 | T18: 45 | U18: C | W18: 1000 | Z18: 0 | AA18: 3 | AB18: 4 | AC18: 5 | AD18: 5 | AE18: 5 | AF18: =AA18*0.1+AB18*0.1+AC18*0.2+AD18*0.3+AE18*0.3 -> 4.7
B19: 1576 | C19: K | E19: 手动换向阀 | F19: hand-operated direction valve | G19: SMUK | H19: XQ341061.0 | I19: 4 | J19: Ea | K19: M | L19: B | N19: MT10-A2 | O19: 5 | P19: =O19+SUMIF(IN!F:F,Inventory!H:H,IN!M:M)-SUMIF(OUT!F:F,Inventory!H:H,OUT!M:M) -> 8 | Q19: T.03.03.M0052 | R19: =M19*P19 -> 0 | T19: 60 | U19: C | V19: SM/EM | W19: 1825 | X19: 30 | Z19: 0 | AA19: 5 | AB19: 5 | AC19: 4 | AD19: 5 | AE19: 5 | AF19: =AA19*0.1+AB19*0.1+AC19*0.2+AD19*0.3+AE19*0.3 -> 4.8
B20: 1570 | C20: K | E20: 涂布三站气动元件 | F20: Coated three station pneumatic components | G20: AIRON | H20: SAO.063.00750 | I20: 1 | J20: Ea | K20: E | L20: B | N20: MT10-A3 | O20: 1 | P20: =O20+SUMIF(IN!F:F,Inventory!H:H,IN!M:M)-SUMIF(OUT!F:F,Inventory!H:H,OUT!M:M) -> 1 | Q20: T.03.03.M0078 | R20: =M20*P20 -> 0 | T20: 30 | U20: C | W20: 1000 | X20: 30 | Z20: 0 | AA20: 5 | AB20: 5 | AC20: 5 | AD20: 4 | AE20: 5 | AF20: =AA20*0.1+AB20*0.1+AC20*0.2+AD20*0.3+AE20*0.3 -> 4.7
B21: 3308 | E21: 气缸 | F21: steam cylinder | G21: CHELIC | H21: DU50*50 | I21: 1 | J21: Ea | K21: M | L21: B | N21: MT10-A3 | O21: 2 | P21: =O21+SUMIF(IN!F:F,Inventory!H:H,IN!M:M)-SUMIF(OUT!F:F,Inventory!H:H,OUT!M:M) -> 2 | R21: =M21*P21 -> 0 | T21: 30 | U21: L | V21: EM | W21: 3650 | X21: 30 | Z21: 0 | AA21: 5 | AB21: 5 | AC21: 5 | AD21: 5 | AE21: 4 | AF21: =AA21*0.1+AB21*0.1+AC21*0.2+AD21*0.3+AE21*0.3 -> 4.7
B22: 0572 | E22: 气缸 | F22: steam cylinder | G22: FESTO 1383582 | H22: DSBC-63-100-PPVA-N3 | I22: 1 | J22: Ea | K22: M | L22: C | N22: MT10-A3 | O22: 2 | P22: =O22+SUMIF(IN!F:F,Inventory!H:H,IN!M:M)-SUMIF(OUT!F:F,Inventory!H:H,OUT!M:M) -> 2 | R22: =M22*P22 -> 0 | T22: 45 | U22: O | W22: 1000 | X22: 30 | Z22: 0 | AA22: 2 | AB22: 5 | AC22: 5 | AD22: 5 | AE22: 5 | AF22: =AA22*0.1+AB22*0.1+AC22*0.2+AD22*0.3+AE22*0.3 -> 4.7
B23: 0598 | E23: 气缸 | F23: steam cylinder | G23: FESTO 1383335 | H23: DSBC-80-50-PPVA-N3 | I23: 1 | J23: Ea | K23: M | L23: B | N23: MT10-A3 | O23: 4 | P23: =O23+SUMIF(IN!F:F,Inventory!H:H,IN!M:M)-SUMIF(OUT!F:F,Inventory!H:H,OUT!M:M) -> 4 | Q23: T.03.03.M0075 | R23: =M23*P23 -> 0 | T23: 60 | U23: C | W23: 1000 | Z23: 0 | AA23: 5 | AB23: 4 | AC23: 5 | AD23: 5 | AE23: 4 | AF23: =AA23*0.1+AB23*0.1+AC23*0.2+AD23*0.3+AE23*0.3 -> 4.6
B24: 0599 | E24: 气缸 | F24: steam cylinder | G24: CAMOZZI | H24: 61L3P050A0125 | I24: 1 | J24: Ea | K24: M | L24: B | N24: MT10-A3 | O24: 6 | P24: =O24+SUMIF(IN!F:F,Inventory!H:H,IN!M:M)-SUMIF(OUT!F:F,Inventory!H:H,OUT!M:M) -> 6 | Q24: T.03.03.M0150 | R24: =M24*P24 -> 0 | T24: 60 | U24: L | W24: 1000 | X24: 30 | Z24: 0 | AA24: 4 | AB24: 2 | AC24: 5 | AD24: 5 | AE24: 5 | AF24: =AA24*0.1+AB24*0.1+AC24*0.2+AD24*0.3+AE24*0.3 -> 4.6
B25: 0600 | E25: 气缸 | F25: steam cylinder | G25: AIRON | H25: BFM.040.0100.BCA | I25: 1 | J25: Ea | K25: M | L25: C | N25: MT10-A3 | O25: 2 | P25: =O25+SUMIF(IN!F:F,Inventory!H:H,IN!M:M)-SUMIF(OUT!F:F,Inventory!H:H,OUT!M:M) -> 2 | R25: =M25*P25 -> 0 | T25: 45 | U25: C | W25: 1000 | Z25: 0 | AA25: 1 | AB25: 5 | AC25: 5 | AD25: 5 | AE25: 5 | AF25: =AA25*0.1+AB25*0.1+AC25*0.2+AD25*0.3+AE25*0.3 -> 4.6
B26: 0623 | E26: 气缸 | F26: steam cylinder | G26: FESTO 1366952 | H26: DSBC-50-100-PPVA-N3 | I26: 1 | J26: Ea | K26: M | L26: B | N26: MT10-A3 | O26: 3 | P26: =O26+SUMIF(IN!F:F,Inventory!H:H,IN!M:M)-SUMIF(OUT!F:F,Inventory!H:H,OUT!M:M) -> 3 | Q26: T.03.03.M0081 | R26: =M26*P26 -> 0 | T26: 45 | U26: O | W26: 1000 | Z26: 0 | AA26: 1 | AB26: 5 | AC26: 5 | AD26: 5 | AE26: 5 | AF26: =AA26*0.1+AB26*0.1+AC26*0.2+AD26*0.3+AE26*0.3 -> 4.6
B27: 0632 | E27: 气缸 | F27: steam cylinder | G27: FESTO 1383338 | H27: DSBC-80-125-PPVA-N3 | I27: 1 | J27: Ea | K27: M | L27: C | N27: MT10-A3 | O27: 2 | P27: =O27+SUMIF(IN!F:F,Inventory!H:H,IN!M:M)-SUMIF(OUT!F:F,Inventory!H:H,OUT!M:M) -> 2 | R27: =M27*P27 -> 0 | T27: 45 | U27: O | W27: 1000 | Z27: 0 | AA27: 5 | AB27: 5 | AC27: 5 | AD27: 5 | AE27: 5 | AF27: =AA27*0.1+AB27*0.1+AC27*0.2+AD27*0.3+AE27*0.3 -> 5
B28: 0634 | E28: 气缸 | F28: steam cylinder 19242 | G28: FESTO 193990 | H28: DSNU-20-200-PPV-A-S11 | I28: 1 | J28: Ea | K28: M | L28: B | N28: MT10-A3 | O28: 4 | P28: =O28+SUMIF(IN!F:F,Inventory!H:H,IN!M:M)-SUMIF(OUT!F:F,Inventory!H:H,OUT!M:M) -> 2 | Q28: T.03.03.M0080 | R28: =M28*P28 -> 0 | T28: 45 | U28: O | V28: CM | W28: 1000 | X28: 30 | Z28: 0 | AA28: 5 | AB28: 4 | AC28: 5 | AD28: 5 | AE28: 4 | AF28: =AA28*0.1+AB28*0.1+AC28*0.2+AD28*0.3+AE28*0.3 -> 4.6
B29: 0636 | E29: 气缸 | F29: steam cylinder | G29: CHELIC | H29: DU 100X750 | I29: 1 | J29: Ea | K29: M | L29: C | N29: MT10-A3 | O29: 1 | P29: =O29+SUMIF(IN!F:F,Inventory!H:H,IN!M:M)-SUMIF(OUT!F:F,Inventory!H:H,OUT!M:M) -> 1 | R29: =M29*P29 -> 0 | T29: 30 | U29: C | W29: 1000 | X29: 30 | Z29: 0 | AA29: 4 | AB29: 4 | AC29: 4 | AD29: 5 | AE29: 5 | AF29: =AA29*0.1+AB29*0.1+AC29*0.2+AD29*0.3+AE29*0.3 -> 4.6
B30: 0638 | E30: 气缸 | F30: steam cylinder | G30: FESTO | H30: DSBC-125-320-PPVA-N3-355E | I30: 1 | J30: Ea | K30: M | L30: C | N30: MT10-A3 | O30: 3 | P30: =O30+SUMIF(IN!F:F,Inventory!H:H,IN!M:M)-SUMIF(OUT!F:F,Inventory!H:H,OUT!M:M) -> 3 | R30: =M30*P30 -> 0 | T30: 45 | U30: C | W30: 1000 | X30: 30 | Z30: 0 | AA30: 4 | AB30: 5 | AC30: 4 | AD30: 5 | AE30: 5 | AF30: =AA30*0.1+AB30*0.1+AC30*0.2+AD30*0.3+AE30*0.3 -> 4.7
B31: 1925 | E31: 气缸 | F31: cylinder | G31: FESTO 170829 | H31: DFM-12-50-A-GF | I31: 1 | J31: Ea | K31: E | L31: C | N31: MT10-A3 | O31: 0 | P31: =O31+SUMIF(IN!F:F,Inventory!H:H,IN!M:M)-SUMIF(OUT!F:F,Inventory!H:H,OUT!M:M) -> 0 | R31: =M31*P31 -> 0 | T31: 60 | U31: C | W31: 1000 | X31: 30 | Z31: 0 | AA31: 5 | AB31: 4 | AC31: 5 | AD31: 5 | AE31: 4 | AF31: =AA31*0.1+AB31*0.1+AC31*0.2+AD31*0.3+AE31*0.3 -> 4.6
B32: 2407 | C32: K | E32: 轴承 | F32: Bearing | G32: NTN | H32: NTN-6309ZZ | I32: 1 | J32: Ea | K32: E | L32: A | N32: MT10-A3 | O32: 2 | P32: =O32+SUMIF(IN!F:F,Inventory!H:H,IN!M:M)-SUMIF(OUT!F:F,Inventory!H:H,OUT!M:M) -> 2 | R32: =M32*P32 -> 0 | T32: 60 | U32: O | V32: LM | W32: 1000 | X32: 30 | Z32: 0 | AA32: 4 | AB32: 5 | AC32: 5 | AD32: 5 | AE32: 4 | AF32: =AA32*0.1+AB32*0.1+AC32*0.2+AD32*0.3+AE32*0.3 -> 4.6
B33: 2546 | E33: 气缸 | F33: steam cylinder | G33: FESTO 559279 | H33: DSNU-20-250-PPS | I33: 1 | J33: Ea | K33: M | L33: B | N33: MT10-A3 | O33: 4 | P33: =O33+SUMIF(IN!F:F,Inventory!H:H,IN!M:M)-SUMIF(OUT!F:F,Inventory!H:H,OUT!M:M) -> 4 | R33: =M33*P33 -> 0 | T33: 30 | U33: C | V33: PM1 | W33: 3650 | X33: 30 | Z33: 0 | AA33: 5 | AB33: 4 | AC33: 4 | AD33: 5 | AE33: 5 | AF33: =AA33*0.1+AB33*0.1+AC33*0.2+AD33*0.3+AE33*0.3 -> 4.7
B34: 3193 | E34: 气缸 | F34: steam-cylinder | G34: 德鑫成 | H34: QGB40*500 | I34: 1 | J34: Ea | K34: M | L34: C | N34: MT10-A4 | O34: 3 | P34: =O34+SUMIF(IN!F:F,Inventory!H:H,IN!M:M)-SUMIF(OUT!F:F,Inventory!H:H,OUT!M:M) -> 4 | Q34: T.03.03.M0564 | R34: =M34*P34 -> 0 | T34: 30 | U34: L | V34: EM | W34: 3650 | X34: 30 | Z34: 0 | AA34: 5 | AB34: 3 | AC34: 5 | AD34: 5 | AE34: 5 | AF34: =AA34*0.1+AB34*0.1+AC34*0.2+AD34*0.3+AE34*0.3 -> 4.8
B35: 3633 | E35: 搅拌机油缸 | F35: oil cylinder | G35: HUGEST | H35: Φ125/100-800 | I35: 1 | J35: Ea | K35: M | L35: C | N35: MT10-A4 | O35: 1 | P35: =O35+SUMIF(IN!F:F,Inventory!H:H,IN!M:M)-SUMIF(OUT!F:F,Inventory!H:H,OUT!M:M) -> 1 | R35: =M35*P35 -> 0 | T35: 60 | U35: C | V35: PMR | W35: 3650 | X35: 60 | Z35: 0 | AA35: 2 | AB35: 5 | AC35: 5 | AD35: 5 | AE35: 5 | AF35: =AA35*0.1+AB35*0.1+AC35*0.2+AD35*0.3+AE35*0.3 -> 4.7
B36: 0571 | E36: 气缸 | F36: steam cylinder | G36: CHELIC | H36: 50X100-CA | I36: 1 | J36: Ea | K36: M | L36: C | N36: MT10-A4 | O36: 2 | P36: =O36+SUMIF(IN!F:F,Inventory!H:H,IN!M:M)-SUMIF(OUT!F:F,Inventory!H:H,OUT!M:M) -> 2 | Q36: T.03.03.M0242 | R36: =M36*P36 -> 0 | T36: 60 | U36: C | W36: 1000 | X36: 30 | Z36: 0 | AA36: 5 | AB36: 4 | AC36: 5 | AD36: 5 | AE36: 5 | AF36: =AA36*0.1+AB36*0.1+AC36*0.2+AD36*0.3+AE36*0.3 -> 4.9
B37: 0607 | E37: 气缸 | F37: steam cylinder | G37: FESTO 163430 | H37: DNC-80-200-PPV-A-EX4 | I37: 1 | J37: Ea | K37: M | L37: B | N37: MT10-A4 | O37: 1 | P37: =O37+SUMIF(IN!F:F,Inventory!H:H,IN!M:M)-SUMIF(OUT!F:F,Inventory!H:H,OUT!M:M) -> 1 | Q37: T.03.03.M0014 | R37: =M37*P37 -> 0 | T37: 30 | U37: O | W37: 1000 | Z37: 0 | AA37: 5 | AB37: 5 | AC37: 5 | AD37: 4 | AE37: 5 | AF37: =AA37*0.1+AB37*0.1+AC37*0.2+AD37*0.3+AE37*0.3 -> 4.7
B38: 0608 | E38: 气缸 | F38: steam cylinder | G38: PENUMATIC | H38: 121A500075CN | I38: 2 | J38: Ea | K38: M | L38: B | N38: MT10-A4 | O38: 3 | P38: =O38+SUMIF(IN!F:F,Inventory!H:H,IN!M:M)-SUMIF(OUT!F:F,Inventory!H:H,OUT!M:M) -> 2 | Q38: T.03.03.M0158 | R38: =M38*P38 -> 0 | T38: 60 | U38: O | V38: LM | W38: 3650 | Z38: 0 | AA38: 4 | AB38: 5 | AC38: 5 | AD38: 4 | AE38: 5 | AF38: =AA38*0.1+AB38*0.1+AC38*0.2+AD38*0.3+AE38*0.3 -> 4.6
B39: 0609 | E39: 气缸 | F39: steam cylinder | G39: SNS | H39: SC 40*500 | I39: 1 | J39: Ea | K39: M | L39: B | N39: MT10-A4 | O39: 2 | P39: =O39+SUMIF(IN!F:F,Inventory!H:H,IN!M:M)-SUMIF(OUT!F:F,Inventory!H:H,OUT!M:M) -> 2 | Q39: T.03.03.M0250 | R39: =M39*P39 -> 0 | T39: 45 | U39: O | W39: 1000 | Z39: 0 | AA39: 4 | AB39: 5 | AC39: 5 | AD39: 4 | AE39: 5 | AF39: =AA39*0.1+AB39*0.1+AC39*0.2+AD39*0.3+AE39*0.3 -> 4.6
B40: 0610 | E40: 压花对边油缸 | F40: embossed slide oil cylinder | G40: RISEN | H40: MOB-63/25*300+CA | I40: 1 | J40: Ea | K40: M | L40: C | N40: MT10-A4 | O40: 2 | P40: =O40+SUMIF(IN!F:F,Inventory!H:H,IN!M:M)-SUMIF(OUT!F:F,Inventory!H:H,OUT!M:M) -> 2 | R40: =M40*P40 -> 0 | T40: 45 | U40: E | V40: EM | W40: 1000 | Z40: 0 | AA40: 2 | AB40: 4 | AC40: 5 | AD40: 5 | AE40: 5 | AF40: =AA40*0.1+AB40*0.1+AC40*0.2+AD40*0.3+AE40*0.3 -> 4.6
B41: 0611 | E41: 气缸 | F41: steam cylinder | G41: IMI NORGREN PRA/802080/M/EX/320 | H41: PRA/182080/M/EX/320 | I41: 1 | J41: Ea | K41: M | L41: B | N41: MT10-A4 | O41: 2 | P41: =O41+SUMIF(IN!F:F,Inventory!H:H,IN!M:M)-SUMIF(OUT!F:F,Inventory!H:H,OUT!M:M) -> 2 | Q41: T.03.03.M0157 | R41: =M41*P41 -> 0 | T41: 45 | U41: O | V41: LM | W41: 3650 | Z41: 0 | AA41: 4 | AB41: 5 | AC41: 5 | AD41: 4 | AE41: 5 | AF41: =AA41*0.1+AB41*0.1+AC41*0.2+AD41*0.3+AE41*0.3 -> 4.6
B42: 0631 | E42: 气缸 | F42: steam cylinder | G42: FESTO 2126599 | H42: DSBC-80-150-PPVA-N3 | I42: 1 | J42: Ea | K42: M | L42: C | N42: MT10-A4 | O42: 2 | P42: =O42+SUMIF(IN!F:F,Inventory!H:H,IN!M:M)-SUMIF(OUT!F:F,Inventory!H:H,OUT!M:M) -> 2 | R42: =M42*P42 -> 0 | T42: 45 | U42: O | W42: 1000 | Z42: 0 | AA42: 5 | AB42: 5 | AC42: 3 | AD42: 5 | AE42: 5 | AF42: =AA42*0.1+AB42*0.1+AC42*0.2+AD42*0.3+AE42*0.3 -> 4.6
B43: 0639 | E43: 气缸 | F43: steam cylinder | G43: haochen | H43: QGB125X170 | I43: 1 | J43: Ea | K43: M | L43: B | N43: MT10-A4 | O43: 2 | P43: =O43+SUMIF(IN!F:F,Inventory!H:H,IN!M:M)-SUMIF(OUT!F:F,Inventory!H:H,OUT!M:M) -> 2 | Q43: T.03.03.M0249 | R43: =M43*P43 -> 0 | T43: 45 | U43: C | W43: 1000 | Z43: 0 | AA43: 4 | AB43: 5 | AC43: 5 | AD43: 5 | AE43: 4 | AF43: =AA43*0.1+AB43*0.1+AC43*0.2+AD43*0.3+AE43*0.3 -> 4.6
B44: 0921 | E44: 气动系统气缸 | F44: Pneumatic system cylinder RA | G44: Norgren GmbH | H44: 192080/l4/280 | I44: 1 | J44: Ea | K44: M | L44: B | N44: MT10-A4 | O44: 2 | P44: =O44+SUMIF(IN!F:F,Inventory!H:H,IN!M:M)-SUMIF(OUT!F:F,Inventory!H:H,OUT!M:M) -> 2 | Q44: T.03.03.M0147 | R44: =M44*P44 -> 0 | T44: 60 | U44: O | W44: 1000 | X44: 30 | Z44: 0 | AA44: 4 | AB44: 4 | AC44: 5 | AD44: 5 | AE44: 5 | AF44: =AA44*0.1+AB44*0.1+AC44*0.2+AD44*0.3+AE44*0.3 -> 4.8
B45: 1563 | E45: 气缸 | F45: steam cylinder | G45: NORGREN /802050/M | H45: PRA/182050/M/50 | I45: 1 | J45: Ea | K45: E | L45: B | N45: MT10-A4 | O45: 2 | P45: =O45+SUMIF(IN!F:F,Inventory!H:H,IN!M:M)-SUMIF(OUT!F:F,Inventory!H:H,OUT!M:M) -> 2 | Q45: T.03.03.M0155 | R45: =M45*P45 -> 0 | T45: 45 | U45: O | W45: 1000 | Z45: 0 | AA45: 4 | AB45: 4 | AC45: 5 | AD45: 5 | AE45: 5 | AF45: =AA45*0.1+AB45*0.1+AC45*0.2+AD45*0.3+AE45*0.3 -> 4.8
B46: 1567 | E46: 检纸与切割机对边油缸 | F46: Paper and cutting machine side oil cylinder | G46: 昆山永琪 | H46: MOB-40/20*300+CA | I46: 1 | J46: Ea | K46: M | L46: C | N46: MT10-A4 | O46: 3 | P46: =O46+SUMIF(IN!F:F,Inventory!H:H,IN!M:M)-SUMIF(OUT!F:F,Inventory!H:H,OUT!M:M) -> 3 | R46: =M46*P46 -> 0 | T46: 45 | U46: C | V46: EM | W46: 1000 | Z46: 0 | AA46: 5 | AB46: 5 | AC46: 5 | AD46: 4 | AE46: 5 | AF46: =AA46*0.1+AB46*0.1+AC46*0.2+AD46*0.3+AE46*0.3 -> 4.7
B47: 1734 | E47: 气缸 | F47: cylinder | G47: NA | H47: 61L2P050A0125 | I47: 1 | J47: Ea | K47: M | L47: C | N47: MT10-A4 | O47: 2 | P47: =O47+SUMIF(IN!F:F,Inventory!H:H,IN!M:M)-SUMIF(OUT!F:F,Inventory!H:H,OUT!M:M) -> 2 | R47: =M47*P47 -> 0 | T47: 60 | U47: O | W47: 1000 | X47: 30 | Z47: 0 | AA47: 4 | AB47: 4 | AC47: 5 | AD47: 5 | AE47: 5 | AF47: =AA47*0.1+AB47*0.1+AC47*0.2+AD47*0.3+AE47*0.3 -> 4.8
B48: 2545 | E48: 气缸 | F48: steam cylinder | G48: FESTO 1376667 | H48: DSBC-40-500-PPVA | I48: 1 | J48: Ea | K48: M | L48: B | N48: MT10-A4 | O48: 1 | P48: =O48+SUMIF(IN!F:F,Inventory!H:H,IN!M:M)-SUMIF(OUT!F:F,Inventory!H:H,OUT!M:M) -> 1 | R48: =M48*P48 -> 0 | T48: 30 | U48: C | W48: 1000 | Z48: 0 | AA48: 1 | AB48: 5 | AC48: 5 | AD48: 5 | AE48: 5 | AF48: =AA48*0.1+AB48*0.1+AC48*0.2+AD48*0.3+AE48*0.3 -> 4.6
B49: 3459 | E49: 气缸 | F49: steam cylinder | G49: FESTO 559290 | H49: DSNU-25-250-PPS | I49: 1 | J49: Ea | K49: M | L49: B | N49: MT10-A5 | O49: 2 | P49: =O49+SUMIF(IN!F:F,Inventory!H:H,IN!M:M)-SUMIF(OUT!F:F,Inventory!H:H,OUT!M:M) -> 2 | R49: =M49*P49 -> 0 | T49: 60 | U49: C | V49: CM | W49: 3650 | X49: 30 | Z49: 0 | AA49: 5 | AB49: 4 | AC49: 4 | AD49: 5 | AE49: 5 | AF49: =AA49*0.1+AB49*0.1+AC49*0.2+AD49*0.3+AE49*0.3 -> 4.7
B50: 3846 | E50: 气缸 | F50: steam cylinder | G50: FESTO 156054 | H50: ADVU-32-5-A-P-A-S2 | I50: 2 | J50: Ea | K50: M | L50: C | N50: MT10-A5 | O50: 4 | P50: =O50+SUMIF(IN!F:F,Inventory!H:H,IN!M:M)-SUMIF(OUT!F:F,Inventory!H:H,OUT!M:M) -> 4 | R50: =M50*P50 -> 0 | T50: 45 | U50: C | V50: PM1 | W50: 3650 | X50: 30 | Z50: 0 | AA50: 5 | AB50: 3 | AC50: 5 | AD50: 5 | AE50: 5 | AF50: =AA50*0.1+AB50*0.1+AC50*0.2+AD50*0.3+AE50*0.3 -> 4.8
B51: 3908 | E51: 气缸 | F51: steam-cylinder | G51: 德鑫成 | H51: SC40*100-FA | I51: 1 | J51: Ea | K51: M | L51: C | N51: MT10-A5 | O51: 2 | P51: =O51+SUMIF(IN!F:F,Inventory!H:H,IN!M:M)-SUMIF(OUT!F:F,Inventory!H:H,OUT!M:M) -> 0 | R51: =M51*P51 -> 0 | T51: 30 | U51: L | V51: PI | W51: 3650 | X51: 30 | Z51: 0 | AA51: 3 | AB51: 5 | AC51: 4 | AD51: 5 | AE51: 5 | AF51: =AA51*0.1+AB51*0.1+AC51*0.2+AD51*0.3+AE51*0.3 -> 4.6
B52: 0597 | E52: 气缸 | F52: steam cylinder | G52: FESTO 163374 | H52: DNC-50-125-PPV-A | I52: 1 | J52: Ea | K52: M | L52: C | N52: MT10-A5 | O52: 2 | P52: =O52+SUMIF(IN!F:F,Inventory!H:H,IN!M:M)-SUMIF(OUT!F:F,Inventory!H:H,OUT!M:M) -> 2 | Q52: T.03.03.M0151 T.03.03.M0164 T.03.03.M0165 | R52: =M52*P52 -> 0 | T52: 60 | U52: C | W52: 1000 | Z52: 0 | AA52: 5 | AB52: 1 | AC52: 5 | AD52: 5 | AE52: 5 | AF52: =AA52*0.1+AB52*0.1+AC52*0.2+AD52*0.3+AE52*0.3 -> 4.6
B53: 0613 | E53: 气缸 | F53: steam cylinder | G53: FESTO 1755348 | H53: DSBC-125-260-PPVA-N3 | I53: 1 | J53: Ea | K53: M | L53: B | N53: MT10-A5 | O53: 4 | P53: =O53+SUMIF(IN!F:F,Inventory!H:H,IN!M:M)-SUMIF(OUT!F:F,Inventory!H:H,OUT!M:M) -> 4 | Q53: T.03.03.M0076 | R53: =M53*P53 -> 0 | T53: 60 | U53: C | W53: 1000 | Z53: 0 | AA53: 2 | AB53: 5 | AC53: 5 | AD53: 5 | AE53: 5 | AF53: =AA53*0.1+AB53*0.1+AC53*0.2+AD53*0.3+AE53*0.3 -> 4.7
B54: 0615 | C54: K | E54: 涂布三站气缸 | F54: coated three station cylinder | G54: AIRON | H54: POTFM.040.0100 | I54: 1 | J54: Ea | K54: M | L54: A | N54: MT10-A5 | O54: 1 | P54: =O54+SUMIF(IN!F:F,Inventory!H:H,IN!M:M)-SUMIF(OUT!F:F,Inventory!H:H,OUT!M:M) -> 1 | Q54: T.03.03.M0079 | R54: =M54*P54 -> 0 | T54: 30 | U54: C | W54: 1000 | Z54: 0 | AA54: 3 | AB54: 4 | AC54: 5 | AD54: 5 | AE54: 5 | AF54: =AA54*0.1+AB54*0.1+AC54*0.2+AD54*0.3+AE54*0.3 -> 4.7
B55: 0621 | E55: 气缸 | F55: steam cylinder | G55: FESTO 1366951 | H55: DSBC-50-80-PPVA-N3 | I55: 1 | J55: Ea | K55: M | L55: C | N55: MT10-A5 | O55: 2 | P55: =O55+SUMIF(IN!F:F,Inventory!H:H,IN!M:M)-SUMIF(OUT!F:F,Inventory!H:H,OUT!M:M) -> 2 | R55: =M55*P55 -> 0 | T55: 45 | U55: O | W55: 1000 | Z55: 0 | AA55: 1 | AB55: 5 | AC55: 5 | AD55: 5 | AE55: 5 | AF55: =AA55*0.1+AB55*0.1+AC55*0.2+AD55*0.3+AE55*0.3 -> 4.6
B56: 1201 | C56: K | E56: 气缸 | F56: Cylinder | G56: AIRON | H56: BFM.063.0050.BCA | I56: 1 | J56: Ea | K56: E | L56: B | N56: MT10-A5 | O56: 1 | P56: =O56+SUMIF(IN!F:F,Inventory!H:H,IN!M:M)-SUMIF(OUT!F:F,Inventory!H:H,OUT!M:M) -> 1 | Q56: T.03.03.E0357 | R56: =M56*P56 -> 0 | T56: 45 | U56: C | W56: 1000 | X56: 60 | Z56: 0 | AA56: 4 | AB56: 4 | AC56: 5 | AD56: 5 | AE56: 5 | AF56: =AA56*0.1+AB56*0.1+AC56*0.2+AD56*0.3+AE56*0.3 -> 4.8
B57: 1202 | C57: K | E57: 气缸 | F57: Cylinder | G57: AIRON | H57: POTFM.063.0050 | I57: 1 | J57: Ea | K57: M | L57: B | N57: MT10-A5 | O57: 1 | P57: =O57+SUMIF(IN!F:F,Inventory!H:H,IN!M:M)-SUMIF(OUT!F:F,Inventory!H:H,OUT!M:M) -> 1 | Q57: T.03.03.E0359 | R57: =M57*P57 -> 0 | T57: 45 | U57: C | V57: CM | W57: 3650 | X57: 60 | Z57: 0 | AA57: 4 | AB57: 4 | AC57: 5 | AD57: 5 | AE57: 5 | AF57: =AA57*0.1+AB57*0.1+AC57*0.2+AD57*0.3+AE57*0.3 -> 4.8
B58: 1564 | E58: 气缸 | F58: steam cylinder | G58: FESTO 163505 | H58: DNC-125-250-PPV-A | I58: 1 | J58: Ea | K58: M | L58: C | N58: MT10-A5 | O58: 3 | P58: =O58+SUMIF(IN!F:F,Inventory!H:H,IN!M:M)-SUMIF(OUT!F:F,Inventory!H:H,OUT!M:M) -> 3 | Q58: T.03.03.M0016 | R58: =M58*P58 -> 0 | T58: 45 | U58: O | W58: 1000 | X58: 30 | Z58: 0 | AA58: 4 | AB58: 2 | AC58: 5 | AD58: 5 | AE58: 5 | AF58: =AA58*0.1+AB58*0.1+AC58*0.2+AD58*0.3+AE58*0.3 -> 4.6
B59: 1565 | E59: 气缸 | F59: steam cylinder | G59: FESTO 1376664 | H59: DSBC-40-250-PPVA-N3 | I59: 1 | J59: Ea | K59: M | L59: C | N59: MT10-A5 | O59: 2 | P59: =O59+SUMIF(IN!F:F,Inventory!H:H,IN!M:M)-SUMIF(OUT!F:F,Inventory!H:H,OUT!M:M) -> 2 | R59: =M59*P59 -> 0 | T59: 45 | U59: O | W59: 1000 | X59: 30 | Z59: 0 | AA59: 3 | AB59: 5 | AC59: 5 | AD59: 5 | AE59: 5 | AF59: =AA59*0.1+AB59*0.1+AC59*0.2+AD59*0.3+AE59*0.3 -> 4.8
B60: 1569 | E60: 气缸 | F60: steam cylinder | G60: FESTO 163473 | H60: DNC-100-250-PPV-A | I60: 1 | J60: Ea | K60: M | L60: B | N60: MT10-A5 | O60: 1 | P60: =O60+SUMIF(IN!F:F,Inventory!H:H,IN!M:M)-SUMIF(OUT!F:F,Inventory!H:H,OUT!M:M) -> 1 | Q60: T.03.03.M0015 | R60: =M60*P60 -> 0 | T60: 45 | U60: C | W60: 1000 | Z60: 0 | AA60: 4 | AB60: 5 | AC60: 4 | AD60: 5 | AE60: 5 | AF60: =AA60*0.1+AB60*0.1+AC60*0.2+AD60*0.3+AE60*0.3 -> 4.7
B61: 2110 | E61: 快接闷头 | F61: closure head | G61: NA | H61: 2寸 公 | I61: 2 | J61: Ea | K61: M | L61: C | N61: MT10-A5 | O61: 3 | P61: =O61+SUMIF(IN!F:F,Inventory!H:H,IN!M:M)-SUMIF(OUT!F:F,Inventory!H:H,OUT!M:M) -> 3 | R61: =M61*P61 -> 0 | T61: 30 | U61: L | V61: CM | W61: 3650 | Z61: 0 | AA61: 5 | AB61: 4 | AC61: 5 | AD61: 5 | AE61: 5 | AF61: =AA61*0.1+AB61*0.1+AC61*0.2+AD61*0.3+AE61*0.3 -> 4.9
B62: 2458 | E62: 气缸 | F62: steam cylinder | G62: FESTO 1366953 | H62: DNC-50-125-PPV-A DSBC-50-125-PPVA-N3 | I62: 1 | J62: Ea | K62: M | L62: C | N62: MT10-A5 | O62: 2 | P62: =O62+SUMIF(IN!F:F,Inventory!H:H,IN!M:M)-SUMIF(OUT!F:F,Inventory!H:H,OUT!M:M) -> 2 | R62: =M62*P62 -> 0 | T62: 15 | U62: C | W62: 1000 | Z62: 0 | AA62: 5 | AB62: 3 | AC62: 4 | AD62: 5 | AE62: 5 | AF62: =AA62*0.1+AB62*0.1+AC62*0.2+AD62*0.3+AE62*0.3 -> 4.6
A63: 501 | B63: 2761 | E63: 气动阀 | F63: valve | G63: evian | H63: 6463 J0 U600DLEX | I63: 1 | J63: Ea | K63: M | L63: C | N63: MT10-A6 | O63: 1 | P63: =O63+SUMIF(IN!F:F,Inventory!H:H,IN!M:M)-SUMIF(OUT!F:F,Inventory!H:H,OUT!M:M) -> 1 | R63: =M63*P63 -> 0 | T63: 30 | U63: L | W63: 3650 | Z63: 0 | AA63: 5 | AB63: 4 | AC63: 5 | AD63: 4 | AE63: 5 | AF63: =AA63*0.1+AB63*0.1+AC63*0.2+AD63*0.3+AE63*0.3 -> 4.6
B64: 3071 | E64: 压花卡盘外套 夹头键 | F64: EM3/A | G64: COATEC | H64: Adapter 5" 夹头键 | I64: 1 | J64: Ea | K64: M | L64: C | N64: MT10-A6 | O64: 1 | P64: =O64+SUMIF(IN!F:F,Inventory!H:H,IN!M:M)-SUMIF(OUT!F:F,Inventory!H:H,OUT!M:M) -> 1 | R64: =M64*P64 -> 0 | T64: 30 | U64: C | V64: EM | W64: 3650 | Z64: 0 | AA64: 3 | AB64: 4 | AC64: 5 | AD64: 5 | AE64: 5 | AF64: =AA64*0.1+AB64*0.1+AC64*0.2+AD64*0.3+AE64*0.3 -> 4.7
B65: 3072 | E65: 卡盘外套适配器键 | F65: EM3/A | G65: COATEC | H65: Adapter 5"适配器键 | I65: 1 | J65: Ea | K65: M | L65: C | N65: MT10-A6 | O65: 1 | P65: =O65+SUMIF(IN!F:F,Inventory!H:H,IN!M:M)-SUMIF(OUT!F:F,Inventory!H:H,OUT!M:M) -> 1 | R65: =M65*P65 -> 0 | T65: 30 | U65: C | V65: EM | W65: 3650 | Z65: 0 | AA65: 5 | AB65: 3 | AC65: 4 | AD65: 5 | AE65: 5 | AF65: =AA65*0.1+AB65*0.1+AC65*0.2+AD65*0.3+AE65*0.3 -> 4.6
B66: 3082 | E66: SM卡盘 | F66: chuck | G66: COATEC | H66: SM2-Φ120*195 | I66: 1 | J66: Ea | K66: M | L66: C | N66: MT10-A6 | O66: 2 | P66: =O66+SUMIF(IN!F:F,Inventory!H:H,IN!M:M)-SUMIF(OUT!F:F,Inventory!H:H,OUT!M:M) -> 2 | R66: =M66*P66 -> 0 | T66: 30 | U66: L | V66: SM | W66: 1000 | Z66: 0 | AA66: 3 | AB66: 4 | AC66: 5 | AD66: 5 | AE66: 5 | AF66: =AA66*0.1+AB66*0.1+AC66*0.2+AD66*0.3+AE66*0.3 -> 4.7
B67: 3581 | E67: 打孔机 刹车片 | F67: combined clutch | G67: prodan | H67: 52-400-7166-560专用 | I67: 1 | J67: Ea | K67: M | L67: A | N67: MT10-A6 | O67: 1 | P67: =O67+SUMIF(IN!F:F,Inventory!H:H,IN!M:M)-SUMIF(OUT!F:F,Inventory!H:H,OUT!M:M) -> 1 | R67: =M67*P67 -> 0 | T67: 60 | V67: PM1 | W67: 3650 | X67: 60 | Z67: 0 | AA67: 4 | AB67: 5 | AC67: 5 | AD67: 5 | AE67: 5 | AF67: =AA67*0.1+AB67*0.1+AC67*0.2+AD67*0.3+AE67*0.3 -> 4.9
B68: 0433 | C68: K | E68: 组合式离合器 | F68: combined clutch | G68: clutch | H68: 52-400-7166-560 | I68: 1 | J68: Ea | K68: M | L68: C | N68: MT10-A6 | O68: 1 | P68: =O68+SUMIF(IN!F:F,Inventory!H:H,IN!M:M)-SUMIF(OUT!F:F,Inventory!H:H,OUT!M:M) -> 1 | R68: =M68*P68 -> 0 | T68: 60 | U68: O | V68: PM1 | W68: 3650 | Z68: 0 | AA68: 1 | AB68: 5 | AC68: 5 | AD68: 5 | AE68: 5 | AF68: =AA68*0.1+AB68*0.1+AC68*0.2+AD68*0.3+AE68*0.3 -> 4.6
B69: 0683 | C69: K | E69: 压花卡盘 EM3/B | F69: clutch chuck | G69: COATEC | H69: Air chuck 3" | I69: 1 | J69: Ea | K69: M | L69: B | N69: MT10-A6 | O69: 0 | P69: =O69+SUMIF(IN!F:F,Inventory!H:H,IN!M:M)-SUMIF(OUT!F:F,Inventory!H:H,OUT!M:M) -> 0 | Q69: T.03.03.M0403 | R69: =M69*P69 -> 0 | T69: 60 | U69: C | V69: EM | W69: 3650 | Z69: 0 | AA69: 5 | AB69: 3 | AC69: 5 | AD69: 5 | AE69: 5 | AF69: =AA69*0.1+AB69*0.1+AC69*0.2+AD69*0.3+AE69*0.3 -> 4.8
B70: 1265 | E70: 气缸 | F70: steam cylinder | G70: CHELIC | H70: DU 200*150-FA | I70: 1 | J70: Ea | K70: M | L70: C | N70: MT10-A6 | O70: 1 | P70: =O70+SUMIF(IN!F:F,Inventory!H:H,IN!M:M)-SUMIF(OUT!F:F,Inventory!H:H,OUT!M:M) -> 1 | R70: =M70*P70 -> 0 | T70: 30 | U70: O | W70: 3650 | Z70: 0 | AA70: 4 | AB70: 5 | AC70: 4 | AD70: 5 | AE70: 5 | AF70: =AA70*0.1+AB70*0.1+AC70*0.2+AD70*0.3+AE70*0.3 -> 4.7
B71: 2049 | E71: 压花卡盘外套 EM3/A | F71: clutch chuck | G71: COATEC | H71: Adapter 5" | I71: 1 | J71: Ea | K71: M | L71: C | N71: MT10-A6 | O71: 0 | P71: =O71+SUMIF(IN!F:F,Inventory!H:H,IN!M:M)-SUMIF(OUT!F:F,Inventory!H:H,OUT!M:M) -> 0 | Q71: T.03.03.M0404 | R71: =M71*P71 -> 0 | T71: 45 | U71: O | V71: EM | W71: 3650 | Z71: 0 | AA71: 5 | AB71: 4 | AC71: 5 | AD71: 5 | AE71: 5 | AF71: =AA71*0.1+AB71*0.1+AC71*0.2+AD71*0.3+AE71*0.3 -> 4.9
B72: 2188 | E72: 压花卡盘 | F72: chuck | G72: COATEC | H72: EM1/2 Φ120*195 | I72: 1 | J72: Ea | K72: M | L72: C | N72: MT10-A6 | O72: 2 | P72: =O72+SUMIF(IN!F:F,Inventory!H:H,IN!M:M)-SUMIF(OUT!F:F,Inventory!H:H,OUT!M:M) -> 2 | Q72: T.03.03.M0343 | R72: =M72*P72 -> 0 | T72: 60 | U72: C | V72: EM | W72: 3650 | Z72: 0 | AA72: 5 | AB72: 5 | AC72: 5 | AD72: 4 | AE72: 5 | AF72: =AA72*0.1+AB72*0.1+AC72*0.2+AD72*0.3+AE72*0.3 -> 4.7
B73: 2667 | E73: 羊毛毡套 | F73: Nonwoven sleeve | G73: COATEC | H73: øi205*10t*2200 | I73: 1 | J73: Ea | K73: M | L73: B | N73: MT10-B1 | O73: 1 | P73: =O73+SUMIF(IN!F:F,Inventory!H:H,IN!M:M)-SUMIF(OUT!F:F,Inventory!H:H,OUT!M:M) -> 1 | Q73: T.03.03.M0513 | R73: =M73*P73 -> 0 | T73: 30 | U73: C | V73: EM | W73: 1000 | Z73: 0 | AA73: 5 | AB73: 4 | AC73: 5 | AD73: 5 | AE73: 4 | AF73: =AA73*0.1+AB73*0.1+AC73*0.2+AD73*0.3+AE73*0.3 -> 4.6
B74: 2760 | E74: 压花吸风管 | F74: exhaust pipe | G74: MASTERFLEX | H74: 220-350-107 | I74: 3 | J74: Ea | K74: M | L74: C | N74: MT10-B1 | O74: 10 | P74: =O74+SUMIF(IN!F:F,Inventory!H:H,IN!M:M)-SUMIF(OUT!F:F,Inventory!H:H,OUT!M:M) -> 10 | R74: =M74*P74 -> 0 | T74: 60 | U74: O | V74: EM | W74: 3650 | Z74: 0 | AA74: 4 | AB74: 5 | AC74: 5 | AD74: 5 | AE74: 4 | AF74: =AA74*0.1+AB74*0.1+AC74*0.2+AD74*0.3+AE74*0.3 -> 4.6
B75: 3088 | E75: 工业软管 | F75: industrial hose | G75: Masterflex | H75: 111-120-401 | I75: 3 | J75: Ea | K75: M | L75: C | N75: MT10-E1 | O75: 12 | P75: =O75+SUMIF(IN!F:F,Inventory!H:H,IN!M:M)-SUMIF(OUT!F:F,Inventory!H:H,OUT!M:M) -> 12 | R75: =M75*P75 -> 0 | T75: 30 | U75: C | V75: PMR | W75: 3650 | X75: PMR | Z75: 0 | AA75: 4 | AB75: 4 | AC75: 4 | AD75: 5 | AE75: 5 | AF75: =AA75*0.1+AB75*0.1+AC75*0.2+AD75*0.3+AE75*0.3 -> 4.6
B76: 2874 | E76: 铝导轮 | F76: aluminium roller | G76: COATEC | H76: ∮80X1800 | I76: 1 | J76: Ea | K76: M | L76: B | N76: MT10-B2 | O76: 1 | P76: =O76+SUMIF(IN!F:F,Inventory!H:H,IN!M:M)-SUMIF(OUT!F:F,Inventory!H:H,OUT!M:M) -> 1 | Q76: T.03.03.M0423 | R76: =M76*P76 -> 0 | T76: 30 | U76: C | V76: EM | W76: 1000 | Z76: 0 | AA76: 2 | AB76: 5 | AC76: 5 | AD76: 5 | AE76: 5 | AF76: =AA76*0.1+AB76*0.1+AC76*0.2+AD76*0.3+AE76*0.3 -> 4.7
B77: 2875 | E77: 压花排水管 | F77: EM pipe | G77: RHINEBONI | H77: EM-SEWERAGE | I77: 1 | J77: Ea | K77: M | L77: C | N77: MT10-B2 | O77: 1 | P77: =O77+SUMIF(IN!F:F,Inventory!H:H,IN!M:M)-SUMIF(OUT!F:F,Inventory!H:H,OUT!M:M) -> 1 | R77: =M77*P77 -> 0 | T77: 15 | U77: L | V77: EM | W77: 1000 | Z77: 0 | AA77: 3 | AB77: 4 | AC77: 5 | AD77: 5 | AE77: 5 | AF77: =AA77*0.1+AB77*0.1+AC77*0.2+AD77*0.3+AE77*0.3 -> 4.7
B78: 3208 | E78: 电动球阀 | F78: valve 2寸 | G78: RHINEBONI | H78: LT16-DC24VDN50 | I78: 1 | J78: Ea | K78: M | L78: C | N78: MT10-B2 | O78: 1 | P78: =O78+SUMIF(IN!F:F,Inventory!H:H,IN!M:M)-SUMIF(OUT!F:F,Inventory!H:H,OUT!M:M) -> 1 | R78: =M78*P78 -> 0 | T78: 30 | U78: L | V78: EM | W78: 3650 | X78: 30 | Z78: 0 | AA78: 4 | AB78: 4 | AC78: 4 | AD78: 5 | AE78: 5 | AF78: =AA78*0.1+AB78*0.1+AC78*0.2+AD78*0.3+AE78*0.3 -> 4.6
B79: 3831 | E79: 印辊 | F79: print roller | G79: semket | H79: T0002584 | I79: 1 | J79: Ea | K79: M | L79: C | N79: MT10-B2 | O79: 2 | P79: =O79+SUMIF(IN!F:F,Inventory!H:H,IN!M:M)-SUMIF(OUT!F:F,Inventory!H:H,OUT!M:M) -> 2 | R79: =M79*P79 -> 0 | T79: 60 | U79: O | V79: EM | W79: 3650 | X79: 60 | Z79: 0 | AA79: 3 | AB79: 5 | AC79: 4 | AD79: 5 | AE79: 5 | AF79: =AA79*0.1+AB79*0.1+AC79*0.2+AD79*0.3+AE79*0.3 -> 4.6
B80: 3832 | E80: 打印头 | F80: print head | G80: semket | H80: T0004005 | I80: 1 | J80: Ea | K80: M | L80: C | N80: MT10-B2 | O80: 1 | P80: =O80+SUMIF(IN!F:F,Inventory!H:H,IN!M:M)-SUMIF(OUT!F:F,Inventory!H:H,OUT!M:M) -> 1 | R80: =M80*P80 -> 0 | T80: 60 | U80: O | V80: EM | W80: 3650 | X80: 60 | Z80: 0 | AA80: 5 | AB80: 4 | AC80: 4 | AD80: 5 | AE80: 5 | AF80: =AA80*0.1+AB80*0.1+AC80*0.2+AD80*0.3+AE80*0.3 -> 4.7
B81: 3833 | E81: 标记传感器 | F81: label sensor | G81: semket | H81: T0004428 | I81: 1 | J81: Ea | K81: M | L81: C | N81: MT10-B2 | O81: 1 | P81: =O81+SUMIF(IN!F:F,Inventory!H:H,IN!M:M)-SUMIF(OUT!F:F,Inventory!H:H,OUT!M:M) -> 1 | R81: =M81*P81 -> 0 | T81: 60 | U81: O | V81: EM | W81: 3650 | X81: 60 | Z81: 0 | AA81: 3 | AB81: 5 | AC81: 5 | AD81: 5 | AE81: 5 | AF81: =AA81*0.1+AB81*0.1+AC81*0.2+AD81*0.3+AE81*0.3 -> 4.8
B82: 3834 | E82: 压紧扣 | F82: pressure system | G82: semket | H82: T0003595 | I82: 1 | J82: Ea | K82: M | L82: C | N82: MT10-B2 | O82: 1 | P82: =O82+SUMIF(IN!F:F,Inventory!H:H,IN!M:M)-SUMIF(OUT!F:F,Inventory!H:H,OUT!M:M) -> 1 | R82: =M82*P82 -> 0 | T82: 60 | U82: O | V82: EM | W82: 3650 | X82: 60 | Z82: 0 | AA82: 5 | AB82: 5 | AC82: 5 | AD82: 4 | AE82: 5 | AF82: =AA82*0.1+AB82*0.1+AC82*0.2+AD82*0.3+AE82*0.3 -> 4.7
B83: 3835 | E83: 间杆 | F83: dispending edge | G83: semket | H83: T0004559 | I83: 1 | J83: Ea | K83: M | L83: C | N83: MT10-B2 | O83: 1 | P83: =O83+SUMIF(IN!F:F,Inventory!H:H,IN!M:M)-SUMIF(OUT!F:F,Inventory!H:H,OUT!M:M) -> 1 | R83: =M83*P83 -> 0 | T83: 60 | U83: O | V83: EM | W83: 3650 | X83: 60 | Z83: 0 | AA83: 4 | AB83: 5 | AC83: 5 | AD83: 4 | AE83: 5 | AF83: =AA83*0.1+AB83*0.1+AC83*0.2+AD83*0.3+AE83*0.3 -> 4.6
B84: 3836 | E84: 收卷皮带 | F84: belt | G84: semket | H84: T0004334 | I84: 1 | J84: Ea | K84: M | L84: C | N84: MT10-B2 | O84: 1 | P84: =O84+SUMIF(IN!F:F,Inventory!H:H,IN!M:M)-SUMIF(OUT!F:F,Inventory!H:H,OUT!M:M) -> 1 | R84: =M84*P84 -> 0 | T84: 60 | U84: O | V84: EM | W84: 3650 | X84: 60 | Z84: 0 | AA84: 5 | AB84: 5 | AC84: 5 | AD84: 5 | AE84: 5 | AF84: =AA84*0.1+AB84*0.1+AC84*0.2+AD84*0.3+AE84*0.3 -> 5
B85: 3837 | E85: 卷边报警 | F85: roll end warining | G85: semket | H85: T0001768 | I85: 1 | J85: Ea | K85: M | L85: C | N85: MT10-B2 | O85: 1 | P85: =O85+SUMIF(IN!F:F,Inventory!H:H,IN!M:M)-SUMIF(OUT!F:F,Inventory!H:H,OUT!M:M) -> 1 | R85: =M85*P85 -> 0 | T85: 60 | U85: O | V85: EM | W85: 3650 | X85: 60 | Z85: 0 | AA85: 5 | AB85: 5 | AC85: 5 | AD85: 5 | AE85: 4 | AF85: =AA85*0.1+AB85*0.1+AC85*0.2+AD85*0.3+AE85*0.3 -> 4.7
B86: 3838 | E86: 单向气阀 | F86: single way valve | G86: semket | H86: T003814 | I86: 1 | J86: Ea | K86: M | L86: C | N86: MT10-B2 | O86: 1 | P86: =O86+SUMIF(IN!F:F,Inventory!H:H,IN!M:M)-SUMIF(OUT!F:F,Inventory!H:H,OUT!M:M) -> 1 | R86: =M86*P86 -> 0 | T86: 60 | U86: O | V86: EM | W86: 3650 | X86: 60 | Z86: 0 | AA86: 5 | AB86: 3 | AC86: 5 | AD86: 5 | AE86: 5 | AF86: =AA86*0.1+AB86*0.1+AC86*0.2+AD86*0.3+AE86*0.3 -> 4.8
B87: 3839 | E87: 气缸 | F87: cylinder | G87: semket | H87: T0001415 | I87: 1 | J87: Ea | K87: M | L87: C | N87: MT10-B2 | O87: 1 | P87: =O87+SUMIF(IN!F:F,Inventory!H:H,IN!M:M)-SUMIF(OUT!F:F,Inventory!H:H,OUT!M:M) -> 1 | R87: =M87*P87 -> 0 | T87: 60 | U87: O | V87: EM | W87: 3650 | X87: 60 | Z87: 0 | AA87: 5 | AB87: 5 | AC87: 5 | AD87: 4 | AE87: 5 | AF87: =AA87*0.1+AB87*0.1+AC87*0.2+AD87*0.3+AE87*0.3 -> 4.7
B88: 3840 | E88: 负压嘴 | F88: vaccum nozzle | G88: semket | H88: T0003281 | I88: 1 | J88: Ea | K88: M | L88: C | N88: MT10-B2 | O88: 1 | P88: =O88+SUMIF(IN!F:F,Inventory!H:H,IN!M:M)-SUMIF(OUT!F:F,Inventory!H:H,OUT!M:M) -> 1 | R88: =M88*P88 -> 0 | T88: 60 | U88: O | V88: EM | W88: 3650 | X88: 60 | Z88: 0 | AA88: 5 | AB88: 4 | AC88: 5 | AD88: 4 | AE88: 5 | AF88: =AA88*0.1+AB88*0.1+AC88*0.2+AD88*0.3+AE88*0.3 -> 4.6
B89: 3841 | E89: 润滑快 | F89: lubrication system | G89: semket | H89: T0003174 | I89: 1 | J89: Ea | K89: M | L89: C | N89: MT10-B2 | O89: 4 | P89: =O89+SUMIF(IN!F:F,Inventory!H:H,IN!M:M)-SUMIF(OUT!F:F,Inventory!H:H,OUT!M:M) -> 4 | R89: =M89*P89 -> 0 | T89: 60 | U89: O | V89: EM | W89: 3650 | X89: 60 | Z89: 0 | AA89: 4 | AB89: 4 | AC89: 5 | AD89: 5 | AE89: 5 | AF89: =AA89*0.1+AB89*0.1+AC89*0.2+AD89*0.3+AE89*0.3 -> 4.8
B90: 0732 | E90: EM油缸密封圈 | F90: seals | G90: COATEC | H90: 压花油缸 | I90: 1 | J90: Ea | K90: M | L90: C | N90: MT10-B2 | O90: 1 | P90: =O90+SUMIF(IN!F:F,Inventory!H:H,IN!M:M)-SUMIF(OUT!F:F,Inventory!H:H,OUT!M:M) -> 1 | R90: =M90*P90 -> 0 | T90: 30 | U90: O | V90: PMR | W90: 3650 | Z90: 0 | AA90: 4 | AB90: 5 | AC90: 5 | AD90: 5 | AE90: 5 | AF90: =AA90*0.1+AB90*0.1+AC90*0.2+AD90*0.3+AE90*0.3 -> 4.9
B91: 2363 | C91: K | E91: 旋转接头 | F91: Rotary joint | G91: 滕州 | H91: HNJS-X M45X 1.5-20 | I91: 1 | J91: Ea | K91: M | L91: C | N91: MT10-B2 | O91: 1 | P91: =O91+SUMIF(IN!F:F,Inventory!H:H,IN!M:M)-SUMIF(OUT!F:F,Inventory!H:H,OUT!M:M) -> 1 | R91: =M91*P91 -> 0 | T91: 30 | U91: L | V91: PMR | W91: 1000 | Z91: 0 | AA91: 4 | AB91: 4 | AC91: 4 | AD91: 5 | AE91: 5 | AF91: =AA91*0.1+AB91*0.1+AC91*0.2+AD91*0.3+AE91*0.3 -> 4.6
B92: 2716 | E92: 旋转接头 | F92: Rotary joint | G92: NA | H92: HD DN15/R | I92: 1 | J92: M | K92: M | L92: C | N92: MT10-B3 | O92: 1 | P92: =O92+SUMIF(IN!F:F,Inventory!H:H,IN!M:M)-SUMIF(OUT!F:F,Inventory!H:H,OUT!M:M) -> 1 | R92: =M92*P92 -> 0 | T92: 15 | U92: C | V92: Utility | W92: 1000 | Z92: 0 | AA92: 4 | AB92: 4 | AC92: 4 | AD92: 5 | AE92: 5 | AF92: =AA92*0.1+AB92*0.1+AC92*0.2+AD92*0.3+AE92*0.3 -> 4.6
B93: 2717 | E93: 旋转接头 | F93: Rotary joint | G93: NA | H93: HD DN15/L | I93: 1 | J93: M | K93: M | L93: C | N93: MT10-B3 | O93: 1 | P93: =O93+SUMIF(IN!F:F,Inventory!H:H,IN!M:M)-SUMIF(OUT!F:F,Inventory!H:H,OUT!M:M) -> 1 | R93: =M93*P93 -> 0 | T93: 15 | U93: C | V93: Utility | W93: 1000 | Z93: 0 | AA93: 5 | AB93: 3 | AC93: 4 | AD93: 5 | AE93: 5 | AF93: =AA93*0.1+AB93*0.1+AC93*0.2+AD93*0.3+AE93*0.3 -> 4.6
B94: 3514 | E94: 旋转接头 | F94: rotary joint | G94: DEUBLIN | H94: 527-000-054 | I94: 1 | J94: Ea | K94: M | L94: A | N94: MT10-B3 | O94: 2 | P94: =O94+SUMIF(IN!F:F,Inventory!H:H,IN!M:M)-SUMIF(OUT!F:F,Inventory!H:H,OUT!M:M) -> 2 | R94: =M94*P94 -> 0 | T94: 30 | V94: PMR 球磨机 | W94: 3650 | X94: 30 | Z94: 0 | AA94: 5 | AB94: 5 | AC94: 5 | AD94: 4 | AE94: 5 | AF94: =AA94*0.1+AB94*0.1+AC94*0.2+AD94*0.3+AE94*0.3 -> 4.7
B95: 3804 | E95: 旋转接头 | F95: rotary joint DP32R51 | G95: MAIER | H95: DS 132R111 | I95: 1 | J95: Ea | K95: M | L95: A | N95: MT10-B3 | O95: 2 | P95: =O95+SUMIF(IN!F:F,Inventory!H:H,IN!M:M)-SUMIF(OUT!F:F,Inventory!H:H,OUT!M:M) -> 2 | R95: =M95*P95 -> 0 | T95: 30 | U95: C | V95: EM | X95: 30 | Z95: 0 | AA95: 5 | AB95: 2 | AC95: 5 | AD95: 5 | AE95: 5 | AF95: =AA95*0.1+AB95*0.1+AC95*0.2+AD95*0.3+AE95*0.3 -> 4.7
B96: 0523 | E96: 旋转接头 | F96: rotary joint | G96: MAIER | H96: DP06 R55 | I96: 2 | J96: Ea | K96: M | L96: A | N96: MT10-B3 | O96: 6 | P96: =O96+SUMIF(IN!F:F,Inventory!H:H,IN!M:M)-SUMIF(OUT!F:F,Inventory!H:H,OUT!M:M) -> 6 | Q96: T.03.03.M0090 T.03.03.M0167 | R96: =M96*P96 -> 0 | T96: 60 | U96: C | V96: SM | Z96: 0 | AA96: 5 | AB96: 4 | AC96: 5 | AD96: 4 | AE96: 5 | AF96: =AA96*0.1+AB96*0.1+AC96*0.2+AD96*0.3+AE96*0.3 -> 4.6
B97: 0525 | C97: K | E97: 旋转接头 | F97: rotary joint | G97: MAIER | H97: DP25L51 | I97: 2 | J97: Ea | K97: M | L97: A | N97: MT10-B3 | O97: 4 | P97: =O97+SUMIF(IN!F:F,Inventory!H:H,IN!M:M)-SUMIF(OUT!F:F,Inventory!H:H,OUT!M:M) -> 4 | Q97: T.03.03.M0230 | R97: =M97*P97 -> 0 | T97: 60 | U97: C | Z97: 0 | AA97: 2 | AB97: 5 | AC97: 5 | AD97: 5 | AE97: 5 | AF97: =AA97*0.1+AB97*0.1+AC97*0.2+AD97*0.3+AE97*0.3 -> 4.7
B98: 0526 | C98: K | E98: 旋转接头 | F98: rotary joint DS 132R111 | G98: MAIER | H98: DP32R51 | I98: 1 | J98: Ea | K98: M | L98: A | N98: MT10-B3 | O98: 1 | P98: =O98+SUMIF(IN!F:F,Inventory!H:H,IN!M:M)-SUMIF(OUT!F:F,Inventory!H:H,OUT!M:M) -> 1 | Q98: T.03.03.M0168 | R98: =M98*P98 -> 0 | T98: 60 | U98: C | Z98: 0 | AA98: 5 | AB98: 5 | AC98: 5 | AD98: 4 | AE98: 5 | AF98: =AA98*0.1+AB98*0.1+AC98*0.2+AD98*0.3+AE98*0.3 -> 4.7
B99: 0532 | C99: K | E99: 旋转接头 | F99: rotary joint | G99: MAIER | H99: DP25R51 | I99: 2 | J99: Ea | K99: M | L99: A | N99: MT10-B3 | O99: 3 | P99: =O99+SUMIF(IN!F:F,Inventory!H:H,IN!M:M)-SUMIF(OUT!F:F,Inventory!H:H,OUT!M:M) -> 3 | Q99: T.03.03.M0229 | R99: =M99*P99 -> 0 | T99: 45 | U99: O | X99: 60 | Z99: 0 | AA99: 2 | AB99: 5 | AC99: 5 | AD99: 5 | AE99: 5 | AF99: =AA99*0.1+AB99*0.1+AC99*0.2+AD99*0.3+AE99*0.3 -> 4.7
B100: 0538 | C100: K | E100: 旋转接头 | F100: rotary joint | G100: MAIER | H100: DP32R11 | I100: 2 | J100: Ea | K100: M | L100: A | N100: MT10-B3 | O100: 2 | P100: =O100+SUMIF(IN!F:F,Inventory!H:H,IN!M:M)-SUMIF(OUT!F:F,Inventory!H:H,OUT!M:M) -> 2 | Q100: T.03.03.M0320 | R100: =M100*P100 -> 0 | T100: 60 | U100: C | Z100: 0 | AA100: 4 | AB100: 4 | AC100: 5 | AD100: 5 | AE100: 5 | AF100: =AA100*0.1+AB100*0.1+AC100*0.2+AD100*0.3+AE100*0.3 -> 4.8
...

Sheet IN
B1: K | C1: Chinese Name 中文名称 | D1: English Name 英文名称 | E1: Brand(supplier) 品牌 | F1: Model 型号 | H1: unit 单位 | I1: Group 类别 | J1: 等级 class | K1: unit 单价 CNY | L1: Location 库存位置 | M1: Quantity In 入库数量 | N1: First time Ordered 是否首次采购 | O1: Date 入库时间 | P1: total 总价 CNY | Q1: Remark
C2: 特氟龙密封圈 | D2: Teflon Gasket | E2: Rhineboni | F2: Φ85*18mm | G2: 8 | H2: Ea | I2: M | J2: B | L2: MT9-B3 | N2: 1 | O2: 46026 | P2: =K7969*M7969 -> 0
C3: 吸油木 | D3: oil-absorbing wood | E3: RHINEBONI | F3: 50X20X2200(含卡夹X2PC) | G3: 34 | H3: Ea | I3: M | J3: B | L3: MT12-F2 | M3: 30 | N3: 1 | O3: 46026 | P3: =K7970*M7970 -> 0
C4: 蓄电池 | D4: WHEEL | E4: LINDE | F4: 24V2PZS230AH 无线 | G4: 2 | H4: Ea | I4: U | J4: C | L4: MT8-B6 | M4: 2 | N4: 1 | O4: 46026 | P4: =K7971*M7971 -> 0
C5: 搅拌机 | D5: mixer | E5: 耐德尔 | F5: QJB0.85/8-260/3 | G5: 1 | H5: Ea | I5: U | J5: C | L5: MT8-D5 | M5: 1 | N5: 1 | O5: 46024 | P5: =K7972*M7972 -> 0
C6: 消防挂锁 | D6: lock | E6: BADY | F6: 38mmG01 通开 | G6: 1 | H6: Ea | I6: U | J6: C | L6: MT8-B5 | M6: 40 | N6: 1 | O6: 46024 | P6: =K7973*M7973 -> 0
C7: 鱼形缆绳锁 | D7: lock | E7: BADY | F7: BD66603 | G7: 1 | H7: Ea | I7: U | J7: C | L7: MT8-B5 | M7: 40 | N7: 1 | O7: 46024 | P7: =K7974*M7974 -> 0
C8: 万用阀门锁 | D8: lock | E8: BADY | F8: F31 | G8: 1 | H8: Ea | I8: U | J8: C | L8: MT8-B5 | M8: 5 | N8: 1 | O8: 46024 | P8: =K7975*M7975 -> 0
C9: 提升泵软联结 | D9: connection | E9: GRUNDFOS | F9: 40-32+WC-3 | G9: 1 | H9: Ea | I9: U | J9: C | L9: MT8-B5 | M9: 1 | N9: 1 | O9: 46024 | P9: =K7976*M7976 -> 0
C10: 不锈钢球阀 | D10: ball valve | E10: 奇高 DN40 | F10: 304 1 1/2寸 | G10: 5 | H10: Ea | I10: M | J10: C | L10: MT8-D4 | M10: 5 | N10: 1 | O10: 46024 | P10: =K7977*M7977 -> 0
C11: 滑轨限位 | D11: block | E11: NA | F11: EM/HGXW1 | G11: 1 | H11: Ea | I11: M | J11: C | L11: MT8-D4 | M11: 30 | N11: 1 | O11: 46024 | P11: =K7978*M7978 -> 0
C12: 时控开关 | D12: switch | E12: Delixi | F12: ZTY01 | G12: 1 | H12: Ea | I12: E | J12: C | L12: MT6-D4 | M12: 1 | N12: 1 | O12: 46024 | P12: =K7979*M7979 -> 0
C13: 电磁阀 | D13: VALVE | E13: HONEYWELL | F13: VN6013APC1000T | G13: 1 | H13: Ea | I13: M | J13: C | L13: MT10-C3 | M13: 1 | N13: 1 | O13: 46024 | P13: =K7980*M7980 -> 0
C14: LED照明灯 | D14: LED lamp | E14: 净米 | F14: YQ-LJH/68W | G14: 1 | H14: Ea | I14: U | J14: C | L14: MT8-C3 | M14: 4 | N14: 1 | O14: 46024 | P14: =K7981*M7981 -> 0
... C18: 高温胶 | D18: high temperature | E18: 美斯国顿 | F18: 1280度耐火胶/灰色 300ml | G18: 4 | H18: Ea | I18: U | J18: C | L18: MT4-F4 | M18: 4 | N18: 1 | O18: 46024 | P18: =K7985*M7985 -> 0
C19: 阀门定位器 | D19: valve positioner | E19: SAMSON | F19: 3725 | G19: 1 | H19: Ea | I19: E | J19: B | L19: MT6-C2 | M19: 2 | N19: 1 | O19: 46032 | P19: =K7986*M7986 -> 0
C20: 剪纸1安全夹头 | D20: Safety chuck | E20: COATEC | F20: RH-STW-50- 40X40X110 | G20: 1 | H20: Ea | I20: M | J20: B | L20: MT11-F6 | M20: 2 | N20: 1 | O20: 46032 | P20: =K7987*M7987 -> 0
C21: 蓄电池 | D21: WHEEL | E21: LINDE | F21: 24V3PZS345Ah侧面换 | G21: 2 | H21: Ea | I21: U | J21: C | L21: MT8-B6 | M21: 1 | N21: 1 | O21: 46024 | P21: =K7988*M7988 -> 0
C22: 电接地带 | D22: WHEEL | E22: LINDE | F22: PB300471122 | G22: 2 | H22: Ea | I22: U | J22: C | L22: MT8-B6 | M22: 6 | N22: 1 | O22: 46024 | P22: =K7989*M7989 -> 0
C23: 壳体总成 '操纵 | D23: WHEEL | E23: LINDE | F23: 3095406448 | G23: 1 | H23: Ea | I23: U | J23: C | L23: MT8-B6 | M23: 1 | N23: 1 | O23: 46024 | P23: =K7990*M7990 -> 0
C24: 跷板开关 | D24: WHEEL | E24: LINDE | F24: 0039732605 | G24: 2 | H24: Ea | I24: U | J24: C | L24: MT8-B6 | M24: 1 | N24: 1 | O24: 46024 | P24: =K7991*M7991 -> 0
C25: 铰接件 'Li | D25: WHEEL | E25: LINDE | F25: 3005430310 | G25: 1 | H25: Ea | I25: U | J25: C | L25: MT8-B6 | M25: 1 | N25: 1 | O25: 46024 | P25: =K7992*M7992 -> 0
C26: 跷板开关 | D26: WHEEL | E26: LINDE | F26: 0039732605 | G26: 2 | H26: Ea | I26: U | J26: C | L26: MT8-B6 | M26: 10 | N26: 1 | O26: 46024 | P26: =K7993*M7993 -> 0
C27: 铰接件 'Li | D27: WHEEL | E27: LINDE | F27: 3005430310 | G27: 1 | H27: Ea | I27: U | J27: C | L27: MT8-B6 | M27: 5 | N27: 1 | O27: 46024 | P27: =K7994*M7994 -> 0
C28: 切割刀座修理件 | D28: cutting cutter repaired | E28: OTOKNIFE | F28: 105*10mm | G28: 5 | H28: Ea | I28: M | J28: B | L28: MT10-C2 | M28: 5 | N28: 1 | O28: 46033 | P28: =K7995*M7995 -> 0
C29: 切割切刀修理件 | D29: cutting cutter | E29: OTOKNIFE | F29: K61001 | G29: 5 | H29: Ea | I29: M | J29: B | L29: MT10-C2 | M29: 11 | N29: 1 | O29: 46033 | P29: =K7996*M7996 -> 0
C30: 电磁阀 | D30: Solenoid valve | E30: 三叶 | F30: 2W-250-25 220V | G30: 2 | H30: Ea | I30: M | J30: B | L30: MT5-E4 | M30: 4 | N30: 1 | O30: 46033 | P30: =K7997*M7997 -> 0
C31: 石英玻璃板 | D31: quartz glass | E31: 联翩 | F31: 2402*157*3.8mm | G31: 1 | H31: Ea | I31: E | J31: A | L31: MT2-A3 | M31: 1 | N31: 1 | O31: 46034 | P31: =K7998*M7998 -> 0
... C54: 蓄电池 | D54: WHEEL | E54: LINDE | F54: '24V2PZS230AH 无线 | G54: 2 | H54: Ea | I54: U | J54: C | L54: MT8-B6 | M54: 11 | N54: 1 | O54: 46042 | P54: =K8021*M8021 -> 0
C55: 蓄电池 | D55: WHEEL | E55: LINDE | F55: 24V2PZS230AH 防爆 | G55: 2 | H55: Ea | I55: U | J55: C | L55: MT8-B6 | M55: 1 | N55: 1 | O55: 46042 | P55: =K8022*M8022 -> 0 | Q55: 上传送货单
C56: 旋转接头 | D56: rotary joint | E56: MAIER | F56: DP50L51 | G56: 1 | H56: Ea | I56: M | J56: A | L56: MT10-B4 | N56: 1 | O56: 46046 | P56: =K8023*M8023 -> 0 | Q56: 上传送货单
C57: 旋转接头 | D57: rotary joint | E57: MAIER | F57: DX265L修理件 | G57: 1 | H57: Ea | I57: M | J57: A | L57: MT10-B4 | N57: 1 | O57: 46046 | P57: =K8024*M8024 -> 0 | Q57: 上传送货单
C58: 爱曾维修包 | D58: repair kit | E58: AERZEN | F58: 180685001 | G58: 1 | H58: Ea | I58: M | J58: B | L58: MT10-D3 | M58: 1 | N58: 1 | O58: 46046 | P58: =K8025*M8025 -> 0
C59: 爱曾维修包 | D59: sealing kit | E59: AERZEN | F59: 180682000 | G59: 1 | H59: Ea | I59: M | J59: B | L59: MT10-D3 | M59: 1 | N59: 1 | O59: 46046 | P59: =K8026*M8026 -> 0
C60: CM高温红胶 | D60: high temperature | E60: 上海亨越 | F60: HS-1840 310ml | G60: 4 | H60: Ea | I60: M | J60: C | L60: MT4-F4 | M60: 6 | N60: 1 | O60: 46046 | P60: =K8027*M8027 -> 0
C61: 安全开关 | D61: sensor | E61: SICK | F61: 1069560 | G61: 1 | H61: Ea | I61: E | J61: C | L61: MT5-B4 | M61: 3 | N61: 1 | O61: 46053 | P61: =K8028*M8028 -> 0
C62: 传感器线缆 | D62: sensor | E62: SICK | F62: 2096241 | G62: 1 | H62: Ea | I62: E | J62: C | L62: MT5-B4 | M62: 3 | N62: 1 | O62: 46053 | P62: =K8029*M8029 -> 0
C63: 混浆锥斗气锤 | D63: Solenoid valve | E63: Rhineboni | F63: RHYL-120型-L150 | G63: 1 | H63: Ea | I63: M | J63: C | L63: MT11-C2 | M63: 2 | N63: 1 | O63: 46046 | P63: =K8030*M8030 -> 0
C64: 继电器 | D64: relay | E64: PHOENIX CONTACT | F64: PLC-RSC-24DC/21-21 | G64: 1 | H64: Ea | I64: E | J64: C | L64: MT5-F2 | M64: 20 | N64: 1 | O64: 46048 | P64: =K8031*M8031 -> 0
C65: 黑胶密封圈 | D65: seal ring | E65: NA 2寸 | F65: 65*5 | G65: 20 | H65: Ea | I65: M | J65: C | L65: MT7-E3 | M65: 30 | N65: 1 | O65: 46050 | P65: =K8032*M8032 -> 0
C66: 黑胶密封圈 | D66: seal ring | E66: NA 1 1/2 | F66: 54*6 | G66: 20 | H66: Ea | I66: M | J66: C | L66: MT7-E3 | M66: 30 | N66: 1 | O66: 46050 | P66: =K8033*M8033 -> 0
C67: 黑胶密封圈 | D67: seal ring | E67: NA | F67: 48*6 | G67: 1 | H67: Ea | I67: M | J67: C | L67: MT7-E3 | M67: 30 | N67: 1 | O67: 46050 | P67: =K8034*M8034 -> 0
C68: 整流器 | D68: ballast | E68: Philips | F68: 44W-LED | G68: 1 | H68: Ea | I68: U | J68: C | L68: MT8-A3 | M68: 20 | N68: 1 | O68: 46034 | P68: =K8035*M8035 -> 0
C69: 手动换向阀 | D69: hand-operated direction valve | E69: SMUK | F69: XQ341061.0 | G69: 4 | H69: Ea | I69: M | J69: B | L69: MT10-A2 | M69: 5 | N69: 1 | O69: 46050 | P69: =K8036*M8036 -> 0
C70: 高温密封胶 | D70: high temperature | E70: Loctite | F70: SI596 300ml | G70: 2 | H70: Ea | I70: M | J70: C | L70: MT4-E5 | M70: 2 | N70: 1 | O70: 46050 | P70: =K8037*M8037 -> 0
C71: 齿轮泵 | D71: pump | E71: 天机液压 | F71: CBT-E320FER2 | G71: 1 | H71: Ea | I71: U | J71: C | L71: MT8-D4 | M71: 1 | N71: 1 | O71: 46050 | P71: =K8038*M8038 -> 0
C72: 变频器 | D72: inverter | E72: SIEMENS | F72: 6SL3223-0DE31-5AG1 | G72: 1 | H72: Ea | I72: E | J72: c | L72: MT5-D5 | M72: 1 | N72: 1 | O72: 46050 | P72: =K8039*M8039 -> 0
C73: 桥架 | D73: wista | E73: bridge | F73: 002216-002-00-00 | G73: 1 | H73: Ea | I73: M | J73: C | L73: MT1-B6 | M73: 1 | N73: 1 | O73: 46050 | P73: =K8040*M8040 -> 0
C74: 排气电机 | D74: exhausting motor | E74: siemens | F74: 1LE10011BA234AB4-Z | G74: 1 | H74: Ea | I74: E | J74: A | L74: MT2-A4 | M74: 1 | N74: 1 | O74: 46050 | P74: =K8041*M8041 -> 0
... C78: 脚踏式冲水阀 | D78: valve | E78: 九牧 | F78: CF636G | G78: 1 | H78: Ea | I78: M | J78: C | L78: MT8-F2 | M78: 2 | N78: 1 | O78: 46052 | P78: =K8045*M8045 -> 0
C79: 门锁把手 | D79: lock handle | E79: DORMA | F79: 6819325 | G79: 1 | H79: Ea | I79: U | J79: C | L79: MT8-B5 | M79: 6 | N79: 1 | O79: 46052 | P79: =K8046*M8046 -> 0
C80: 无线触控板 | D80: controler | E80: penixx PERIPAD-704 | F80: 无线2.4G | G80: 1 | H80: Ea | I80: E | J80: C | L80: MT5-E3 | M80: 10 | N80: 1 | O80: 46052 | P80: =K8047*M8047 -> 0
C81: 真空泵维修包 | D81: repair kit | E81: BUSCH | F81: 993143320 | G81: 1 | H81: Ea | I81: M | J81: C | L81: MT9-E2 | M81: 1 | N81: 1 | O81: 46055 | P81: =K8048*M8048 -> 0
C82: 真空泵维修包 | D82: repair kit | E82: BUSCH | F82: 993143320 | G82: 1 | H82: Ea | I82: M | J82: C | L82: MT9-E2 | M82: 1 | N82: 1 | O82: 46055 | P82: =K8049*M8049 -> 0
C83: 石英玻璃板 | D83: quartz glass | E83: 联翩 | F83: 2402*157*3.8mm | G83: 1 | H83: Ea | I83: E | J83: A | L83: MT2-A3 | M83: 1 | N83: 1 | O83: 46055 | P83: =K8050*M8050 -> 0
C84: 搅拌缸轮子(黄) | D84: wheel | E84: SUPO | F84: Φ100*45 | G84: 4 | H84: Ea | I84: M | J84: C | L84: MT10-B6 | M84: 30 | N84: 1 | O84: 46055 | P84: =K8051*M8051 -> 0
C85: 皮带 | D85: belt | E85: 三星 | F85: SPC4380LW | G85: 6 | H85: Ea | I85: U | J85: C | L85: MT8-B1 | M85: 6 | N85: 1 | O85: 46055 | P85: =K8052*M8052 -> 0
C86: 钢丝编织软管 | D86: Steel hose | E86: Rhineboni | F86: 非标公制直径39 总长2.5米 | G86: 1 | H86: Ea | I86: M | J86: C | L86: MT9-D1 | M86: 3 | N86: 1 | O86: 46055 | P86: =K8053*M8053 -> 0
C87: 五芯连接线 | D87: cable | E87: ifm | F87: EVC002/5M | G87: 2 | H87: Ea | I87: E | J87: C | L87: MT6-F4 | M87: 10 | N87: 1 | O87: 46052 | P87: =K8054*M8054 -> 0
C88: 打孔机电机 | D88: motor | E88: WISTA Lenze | F88: D-31855 g500-B450 | G88: 1 | H88: Ea | I88: E | J88: B | L88: MT2-A4 | M88: 1 | N88: 1 | O88: 46058 | P88: =K8055*M8055 -> 0
C89: 涂布静电棒 | D89: Charging electrode bar | E89: FRASER X20-1050 | F89: NEOS20 | G89: 1 | H89: Ea | I89: E | J89: A | L89: MT6-F1 | M89: 2 | N89: 1 | O89: 46058 | P89: =K8056*M8056 -> 0
C90: LED支架灯管T5 | D90: LED lamp | E90: philips | F90: BN058C 13W | G90: 20 | H90: Ea | I90: U | J90: C | L90: MT2-C3 | M90: 50 | N90: 1 | O90: 46058 | P90: =K8057*M8057 -> 0
C91: 接触器 | D91: contactor | E91: SIEMENS | F91: 3RT6027-1AN20 | G91: 5 | H91: Ea | I91: E | J91: C | L91: MT5-F3 | M91: 20 | N91: 1 | O91: 46063 | P91: =K8058*M8058 -> 0
C92: 调心辊子轴承 574845 | D92: Self-aligning roller bearing | E92: Künemund Düsseldorf GmbH | F92: 2203.C4.P.COMP2 | G92: 60 | H92: Ea | I92: M | J92: B | L92: MT7-D2 | M92: 10 | N92: 1 | O92: 46063 | P92: =K8059*M8059 -> 0
C93: 打孔机针 | D93: punch machine mould | E93: ANZE | F93: B2-1900PLUS/PIN/0.85mm | G93: 1 | H93: Ea | I93: M | J93: B | L93: MT11-F4 | M93: 10 | N93: 1 | O93: 46063 | P93: =K8060*M8060 -> 0
C94: 可燃气探头 (气体保护,废弃检测) | D94: GAS PROBE | E94: HONEYWELL | F94: 2108N5002N OPTIMA PLUS-ATEX/IECEx-Z | G94: 2 | H94: Ea | I94: E | J94: A | L94: MT6-D5 | M94: 1 | N94: 1 | O94: 46063 | P94: =K8061*M8061 -> 0
... C156: 标签打印模组 | D156: druck modul | E156: semket | F156: PXQ4R/300 | G156: 1 | H156: Ea | I156: E | J156: B | L156: MT2-A2 | M156: 1 | N156: 1 | O156: 46088 | P156: =K8123*M8123 -> 0
C157: GM25S空滤 | D157: filter element | E157: AERZEN | F157: 175240000 | G157: 1 | H157: Ea | I157: M | J157: B | L157: MT9-D2 | M157: 2 | N157: 1 | O157: 46081 | P157: =K8124*M8124 -> 0
C158: 鼓风机皮带 | D158: blower belt | E158: AERZEN 2000073597 | F158: 164506000 | G158: 1 | H158: Ea | I158: M | J158: B | L158: MT9-D3 | M158: 3 | N158: 1 | O158: 46081 | P158: =K8125*M8125 -> 0
C159: 鼓风机皮带 | D159: blower belt | E159: AERZEN 2000073590 | F159: 122906000 | G159: 1 | H159: Ea | I159: M | J159: B | L159: MT9-D3 | M159: 2 | N159: 1 | O159: 46081 | P159: =K8126*M8126 -> 0
C160: 五孔插座面板 | D160: socket(white) | E160: CNC | F160: YCC 60A-205A 10A 250V | G160: 5 | H160: Ea | I160: E | J160: C | L160: MT4-B6 | M160: 10 | N160: 1 | O160: 46091 | P160: =K8127*M8127 -> 0
C161: 压力开关 | D161: pressure switch | E161: MOOXEE | F161: KS10-6 | G161: 1 | H161: Ea | I161: E | J161: C | L161: MT6-F5 | M161: 2 | N161: 1 | O161: 46091 | P161: =K8128*M8128 -> 0
C162: 减速机电机 | D162: motor | E162: Lenze MCS09D41-RS0B0 | F162: Bevel-geared motor for the feed | G162: 1 | H162: Ea | I162: E | J162: A | L162: MT2-A4 | M162: 1 | N162: 1 | O162: 46093 | P162: =K8129*M8129 -> 0
C163: 单孔按钮盒 | D163: box | E163: EATON | F163: M22-I1 | G163: 2 | H163: Ea | I163: E | J163: C | L163: MT5-D4 | M163: 5 | N163: 1 | O163: 46093 | P163: =K8130*M8130 -> 0
C164: 微型接触器 | D164: contactor | E164: ABB | F164: B7-30-10-F-01 | G164: 1 | H164: Ea | I164: E | J164: C | L164: MT11-D5 | M164: 10 | N164: 1 | O164: 46093 | P164: =K8131*M8131 -> 0
C165: 三相空气开关 | D165: Air switch | E165: Schneider | F165: 3P iC65N D 32A | G165: 1 | H165: Ea | I165: E | J165: C | L165: MT4-A3 | M165: 4 | N165: 1 | O165: 46093 | P165: =K8132*M8132 -> 0
C166: 气缸 | D166: steam-cylinder | E166: 德鑫成 | F166: QGB40*500 | G166: 1 | H166: Ea | I166: M | J166: C | L166: MT10-A4 | M166: 2 | N166: 1 | O166: 46093 | P166: =K8133*M8133 -> 0
C167: 皮带 | D167: BELT | E167: 三力士 | F167: SPB3350 | G167: 1 | H167: Ea | I167: U | J167: C | L167: MT8-B1 | M167: 3 | N167: 1 | O167: 46093 | P167: =K8134*M8134 -> 0
C168: 混浆锥斗气锤 | D168: Solenoid valve | E168: Rhineboni | F168: RHYL-120型-L150 | G168: 1 | H168: Ea | I168: M | J168: C | L168: MT11-D3 | M168: 2 | N168: 1 | O168: 46093 | P168: =K8135*M8135 -> 0
C169: PM2冲针工具 | D169: PM2 pin | E169: Malcolm | F169: MEK20240118 | G169: 10 | H169: Ea | I169: M | J169: C | L169: MT11-F4 | M169: 40 | N169: 1 | O169: 46093 | P169: =K8136*M8136 -> 0
C170: 打孔机线轴承 | D170: bearing | E170: Rexroth | F170: R067005000 | G170: 8 | H170: Ea | I170: M | J170: C | L170: MT11-F4 | M170: 8 | N170: 1 | O170: 46094 | P170: =K8137*M8137 -> 0
C171: 线轴承 | D171: bearing | E171: Rexroth | F171: R103562020 | G171: 1 | H171: Ea | I171: M | J171: C | L171: MT7-A5 | M171: 2 | N171: 1 | O171: 46094 | P171: =K8138*M8138 -> 0
... C223: 自喷漆 | D223: lacquer | E223: 三和 | F223: RAL3000 | G223: 1 | H223: Ea | I223: U | J223: C | L223: MT8-D6 | M223: 1 | N223: 1 | O223: 46104 | P223: =K8190*M8190 -> 0
C224: 内丝三通 | D224: Tee | E224: 恩诚 | F224: 3/8-304in | G224: 1 | H224: Ea | I224: M | J224: C | L224: MT7-B2 | M224: 5 | N224: 1 | O224: 46097 | P224: =K8191*M8191 -> 0 | R224: 未有
C225: 外丝三通 | D225: Tee | E225: 恩诚 | F225: 3/8-304out | G225: 1 | H225: Ea | I225: M | J225: C | L225: MT7-B2 | M225: 5 | N225: 1 | O225: 46097 | P225: =K8192*M8192 -> 0 | R225: 未有
C226: 消防电话 | D226: telehpone | E226: GST | F226: GST-TS-MP3 | G226: 1 | H226: Ea | I226: U | J226: C | L226: MT8-B2 | M226: 1 | N226: 1 | O226: 46098 | P226: =K8193*M8193 -> 0 | R226: 未有
C227: 切割刀座修理件 | D227: cutting cutter repaired | E227: OTOKNIFE | F227: 105*10mm | G227: 5 | H227: Ea | I227: M | J227: B | L227: MT10-C2 | M227: 20 | N227: 1 | O227: 46098 | P227: =K8194*M8194 -> 0
C228: 切割切刀修理件 | D228: cutting cutter | E228: OTOKNIFE | F228: K61001 | G228: 5 | H228: Ea | I228: M | J228: B | L228: MT10-C2 | M228: 6 | N228: 1 | O228: 46098 | P228: =K8195*M8195 -> 0
C229: 压花切刀修理件 | D229: emnossing knife | E229: MOTO | F229: BS-K-076-022-062 | G229: 4 | H229: Ea | I229: M | J229: C | L229: MT10-C2 | M229: 4 | N229: 1 | O229: 46098 | P229: =K8196*M8196 -> 0
C230: CM烘箱辊子 | D230: CM oven roller | E230: MATEX RU0606AZTS | F230: 直径55*2295mm | G230: 30 | H230: Ea | I230: M | J230: A | L230: MT2-B2 | M230: 50 | N230: 1 | O230: 46083 | P230: =K8197*M8197 -> 0
C231: Daimler打孔机针板 | D231: punch machine plate | E231: RHINEBONI | F231: RHI20240330 | G231: 1 | H231: Ea | I231: M | J231: A | L231: MT11-F3 | M231: 2 | N231: 1 | O231: 46111 | P231: =K8198*M8198 -> 0
C232: Daimler打孔机针 | D232: punch machine pin | E232: RHINEBONI | F232: RHI20240331 | G232: 1 | H232: Ea | I232: M | J232: A | L232: MT11-F3 | M232: 2 | N232: 1 | O232: 46111 | P232: =K8199*M8199 -> 0
C233: 技术模组 | D233: module | E233: SIEMENS 6AB00 | F233: 6ES7136-6BA01-0CA0 | G233: 1 | H233: Ea | I233: E | J233: C | L233: MT5-B2 | M233: 3 | N233: 1 | O233: 46111 | P233: =K8200*M8200 -> 0
C234: 2.5t制动器 | D234: Brake device | E234: DLMAG | F234: JDL25N-1/2F-2 | G234: 1 | H234: Ea | I234: E | J234: C | L234: MT11-F6 | M234: 2 | N234: 1 | O234: 46112 | P234: =K8201*M8201 -> 0
C235: 塑料联轴器 | D235: coupling washer | E235: N/A | F235: 1000W插桶泵用 | G235: 8 | H235: Ea | I235: M | J235: C | L235: MT10-C3 | M235: 1 | N235: 1 | O235: 46092 | P235: =K8202*M8202 -> 0
C236: 工业计算机 | D236: display screen | E236: PC | F236: 6AG4114-2JJ40-0BB3 | G236: 1 | H236: Ea | I236: E | J236: C | L236: MT5-D5 | M236: 1 | N236: 1 | O236: 46114 | P236: =K8203*M8203 -> 0
C237: 真空泵油滤 | D237: vacuum pump oil filter | E237: BUSCH | F237: 531000002 | G237: 2 | H237: Ea | I237: M | J237: C | L237: MT9-E3 | M237: 5 | N237: 1 | O237: 46114 | P237: =K8204*M8204 -> 0
C238: 气动元件 | D238: pneumatic element | E238: SMC | F238: IR2020-F02-A | G238: 1 | H238: Ea | I238: M | J238: C | L238: MT7-A4 | M238: 2 | N238: 1 | O238: 46112 | P238: =K8205*M8205 -> 0
C239: 脚踏开关 | D239: foot switch | E239: SCHMERSAL | F239: TFH232-22uedr | G239: 1 | H239: Ea | I239: E | J239: B | L239: MT5-D2 | M239: 2 | N239: 1 | O239: 46112 | P239: =K8206*M8206 -> 0
C240: 加强支架尼龙轮 | D240: nylon wheel | E240: 申牌 | F240: 8寸8*2/万向带刹车 | G240: 4 | H240: Ea | I240: M | J240: C | L240: MT11-D6 | M240: 16 | N240: 1 | O240: 46121 | P240: =K8207*M8207 -> 0
...

Sheet OUT
A1: OUT | B1: K | C1: Chinese Name 中文名称 | D1: English Name 英文名称 | E1: Brand(supplier) 品牌 | F1: Model 型号 | H1: unit 单位 | I1: Group 类别 | J1: 等级 class | K1: unit 单价 CNY | L1: Location 库存位置 | M1: Quantity Out 出库数量 | N1: Date 出库时间 | P1: total 总价 CNY | Q1: 产线 line | R1: SPA OUT STOCK | S1: total 总价 CNY
C2: 钢丝管 | D2: soft pipe | E2: 国产 | F2: 内径38mm | G2: 10 | H2: Ea | I2: M | J2: C | L2: MT12-F2 | M2: 10 | N2: 46025 | Q2: Utility
C3: MBR中空纤维膜 | D3: filter | E3: 广州超禹 | F3: CYM620-1320-PVDF | G3: 1 | H3: Ea | I3: U | J3: C | L3: MT8-E1 | M3: 1 | N3: 46027 | Q3: Utility
C4: 物位变送器 | D4: Location transmitter | E4: E+H | F4: FTL31-AA4M2AAW5J+LC | G4: 1 | H4: Ea | I4: E | J4: C | L4: MT6-F2 | M4: 1 | N4: 46028 | Q4: PMR
C5: 搅拌机 | D5: mixer | E5: 耐德尔 | F5: QJB0.85/8-260/3 | G5: 1 | H5: Ea | I5: U | J5: C | L5: MT8-D5 | M5: 1 | N5: 46028 | Q5: Utility
C6: 真空压力表 | D6: vacuum manometer | E6: 糜氏 2.5级 | F6: YN60 -0.1-0.3Mpa | G6: 1 | H6: Ea | I6: M | J6: C | L6: MT8-A3 | M6: 1 | N6: 46025 | Q6: PMR
C7: 耐震压力表 | D7: vacuum manometer | E7: 糜氏 2.5级 | F7: YN60 0-10MPa | G7: 1 | H7: Ea | I7: M | J7: C | L7: MT8-A4 | M7: 1 | N7: 46025 | Q7: PMR
C8: 反光板 | D8: plate | E8: sick 265-2754 | F8: AL15BN | G8: 3 | H8: Ea | I8: E | J8: C | L8: MT5-F5 | M8: 1 | N8: 46025 | Q8: CM2
C9: 消音器 | D9: silencer | E9: FESTO 2316 | F9: U-1/4 | G9: 8 | H9: Ea | I9: M | J9: C | L9: MT7-A4 | M9: 1 | N9: 46026 | Q9: PMR
C10: 活塞环片密封 | D10: seal | E10: Z.P. ARROW | F10: 6.20.0.0001.3 | G10: 20 | H10: Ea | I10: M | J10: C | L10: MT9-B3 | M10: 1 | N10: 46026 | Q10: PMR
C11: 切割切刀修理件 | D11: cutting cutter | E11: OTOKNIFE | F11: K61001 | G11: 5 | H11: Ea | I11: M | J11: B | L11: MT10-C2 | M11: 2 | N11: 46028 | Q11: SM5
C12: 单相二脚插头(白色) | D12: plug(white) | E12: BULL公牛 | F12: GNT-10L1 10A 250V~ | G12: 10 | H12: Ea | I12: E | J12: C | L12: MT4-C3 | M12: 4 | N12: 46027 | Q12: CM2
C13: 切割刀座修理件 | D13: cutting cutter repaired | E13: OTOKNIFE | F13: 105*10mm | G13: 5 | H13: Ea | I13: M | J13: B | L13: MT10-C2 | M13: 1 | N13: 46028 | Q13: SM5
... C84: LED灯管T8 | D84: LED lamp | E84: philips 单进电 | F84: 1200mm 18W 6500K | G84: 50 | H84: Ea | I84: U | J84: C | L84: MT4-A1 | M84: 4 | N84: 46043 | Q84: EM1/2
C85: 气枪 | D85: blow gun | E85: CEJN 080250 | F85: 8025090 | G85: 2 | H85: Ea | I85: M | J85: C | L85: MT7-A5 | M85: 2 | N85: 46045 | Q85: CM
C86: 防爆叉齿包钢 | D86: cover | E86: LINDER | F86: 用于苏DE4353 | G86: 1 | H86: Ea | I86: U | J86: C | L86: MT8-B6 | M86: 1 | N86: 46046 | Q86: Utility
C87: 蓄电池 | D87: WHEEL | E87: LINDE | F87: 24V3PzBH225AH | G87: 2 | H87: Ea | I87: U | J87: C | L87: MT8-B6 | M87: 1 | N87: 46046 | Q87: Utility
C88: 蓄电池 | D88: WHEEL | E88: LINDE | F88: '24V2PZS230AH 无线 | G88: 2 | H88: Ea | I88: U | J88: C | L88: MT8-B6 | M88: 11 | N88: 46046 | Q88: Utility
C89: 蓄电池 | D89: WHEEL | E89: LINDE | F89: 24V2PZS230AH 防爆 | G89: 2 | H89: Ea | I89: U | J89: C | L89: MT8-B6 | N89: 46046 | Q89: Utility
C90: 接触器 | D90: contactor | E90: SIEMENS | F90: 3RT6027-1AN20 | G90: 5 | H90: Ea | I90: E | J90: C | L90: MT5-F3 | M90: 4 | N90: 46044 | Q90: EM5
C91: 加热灯管 | D91: strip lamp | E91: LAMBDA | F91: 85394900/Emitter 3.85kw/LM3 | G91: 10 | H91: Ea | I91: E | J91: A | L91: IM-A2 | M91: 1 | N91: 46044 | Q91: EM1
C92: 复合轴承 | D92: Grooved ball bearing | E92: Künemund Düsseldorf GmbH | F92: 6005-C4.COMP2 | G92: 50 | H92: Ea | I92: M | J92: A | L92: MT7-D2 | M92: 4 | N92: 46045 | Q92: LM2
C93: 调心辊子轴承 574845 | D93: Self-aligning roller bearing | E93: Künemund Düsseldorf GmbH | F93: 2203.C4.P.COMP2 | G93: 60 | H93: Ea | I93: M | J93: B | L93: MT7-D2 | M93: 2 | N93: 46045 | Q93: LM2
C94: 调压阀 | D94: air vent valve | E94: SMC | F94: IR2020-F02 | G94: 1 | H94: Ea | I94: M | J94: C | L94: MT7-A4 | M94: 1 | N94: 46045 | Q94: RO
C95: LED灯管T8 | D95: LED lamp | E95: philips 单进电 | F95: 1200mm 18W 6500K | G95: 50 | H95: Ea | I95: U | J95: C | L95: MT4-A1 | M95: 7 | N95: 46045 | Q95: EM2
C96: 中间继电器 | D96: relay | E96: Schneider | F96: RXM2LB2B7 24VAC | G96: 1 | H96: Ea | I96: E | J96: C | L96: MT11-D5 | M96: 10 | N96: 46045 | Q96: CRANE/CM
C97: 水枪组件 | D97: water gun | E97: KARCHER | F97: max.4350PSK 311 F | G97: 1 | H97: Ea | I97: M | J97: C | L97: MT11-E1 | M97: 1 | N97: 46045 | Q97: RO
C98: 牙箱 | D98: tooth box | E98: 东力 | F98: 5GU-3K | G98: 2 | H98: Ea | I98: M | J98: C | L98: MT10-C5 | M98: 1 | N98: 46045 | Q98: SM1
C99: 电机 | D99: motor | E99: 东力 | F99: 5RK120GU-S3 | G99: 2 | H99: Ea | I99: E | J99: B | L99: MT10-C5 | M99: 1 | N99: 46045 | Q99: SM1
C100: 蓝色润滑脂 | D100: blue grease | E100: Mobil | F100: Mobil XHP 222 | G100: 5 | H100: Ea | I100: M | J100: B | L100: MT4-F5 | M100: 1 | N100: 46047 | Q100: CRANE/EM4
C101: 微型接触器 | D101: contactor | E101: ABB | F101: B7-30-10-F-01 | G101: 1 | H101: Ea | I101: E | J101: C | L101: MT11-D5 | M101: 2 | N101: 46047 | Q101: CRANE/LM1
... C121: 滤芯 | D121: exhaust air filter | E121: BUSCH | F121: V532140157 | G121: 12 | H121: Ea | I121: M | J121: C | L121: MT9-E3 | M121: 2 | N121: 46048 | Q121: PMR
C122: 真空泵油滤 | D122: vacuum pump oil filter | E122: BUSCH | F122: 531000002 | G122: 2 | H122: Ea | I122: M | J122: C | L122: MT9-E3 | M122: 1 | N122: 46048 | Q122: PMR
C123: 活塞环片密封 | D123: seal | E123: Z.P. ARROW | F123: 6.20.0.0001.3 | G123: 20 | H123: Ea | I123: M | J123: C | L123: MT9-B3 | M123: 2 | N123: 46048 | Q123: PMR
C124: 消音器 | D124: silencer | E124: FESTO 2316 | F124: U-1/4 | G124: 8 | H124: Ea | I124: M | J124: C | L124: MT7-A4 | M124: 1 | N124: 46048 | Q124: PMR
C125: 整流器 | D125: ballast | E125: Philips | F125: 44W-LED | G125: 1 | H125: Ea | I125: U | J125: C | L125: MT8-A3 | M125: 20 | N125: 46034 | Q125: Utility
C126: 桥架 | D126: wista | E126: bridge | F126: 002216-002-00-00 | G126: 1 | H126: Ea | I126: M | J126: C | L126: MT1-B6 | M126: 1 | N126: 46049 | Q126: PM1
C127: 加热灯管 | D127: strip lamp | E127: LAMBDA | F127: 090-100563-03 Emitter 3.95kw | G127: 40 | H127: Ea | I127: E | J127: A | L127: MT6-D3 | M127: 1 | N127: 46049 | Q127: EM2
C128: 搅拌缸轮子(黄) | D128: wheel | E128: SUPO | F128: Φ100*45 | G128: 4 | H128: Ea | I128: M | J128: C | L128: MT10-B6 | M128: 1 | N128: 46050 | Q128: PMR
C129: LED灯管 | D129: strip lamp | E129: SCON | F129: SC-T8-0912T SC-T8T 12W | G129: 12 | H129: Ea | I129: E | J129: A | L129: MT5-D1 | M129: 1 | N129: 46049 | Q129: EM1
C130: LED灯管 | D130: T8 LED tube | E130: 哥德巴 | F130: GB-T890-24-CWTG | G130: 5 | H130: Ea | I130: E | J130: B | L130: MT5-D1 | M130: 2 | N130: 46050 | Q130: EM2
C131: 主轴轴承 | D131: bearing | E131: INA | F131: GNE100-KRRB-FA107带 轴承座 | G131: 6 | H131: Ea | I131: M | J131: B | L131: MT2-C4 | M131: 4 | N131: 46049 | Q131: PM1
C132: 轴承 | D132: Bearing | E132: SKF | F132: NJ216 ECJ | G132: 4 | H132: Ea | I132: M | J132: A | L132: MT11-E5 | M132: 4 | N132: 46049 | Q132: PM1
C133: 打孔机电机 | D133: motor | E133: WISTA Lenze | F133: D-31855 g500-B450 | G133: 1 | H133: Ea | I133: E | J133: B | L133: MT2-A4 | M133: 1 | N133: 46049 | Q133: PM1
C134: 搅拌缸轮子(黄) | D134: wheel | E134: SUPO | F134: Φ100*45 | G134: 4 | H134: Ea | I134: M | J134: C | L134: MT10-B6 | M134: 1 | N134: 46050 | Q134: PMR
... C276: 搅拌缸轮子(黄) | D276: wheel | E276: SUPO | F276: Φ100*45 | G276: 4 | H276: Ea | I276: M | J276: C | L276: MT10-B6 | M276: 1 | N276: 46083 | Q276: PMR
C277: 安全开关 | D277: sensor | E277: SICK | F277: 1069560 | G277: 1 | H277: Ea | I277: E | J277: C | L277: MT5-B4 | M277: 1 | N277: 46082 | Q277: CM2
C278: 传感器线缆 | D278: sensor | E278: SICK | F278: 2096241 | G278: 1 | H278: Ea | I278: E | J278: C | L278: MT5-B4 | M278: 1 | N278: 46083 | Q278: CM2
C279: 涂布切刀修理件 | D279: cutting knife repairing | E279: 鑫源胜德 | F279: DM05 | G279: 5 | H279: Ea | I279: M | J279: B | L279: MT9-C4 | M279: 2 | N279: 46083 | Q279: CM1/2
C280: 微型接触器 | D280: contactor | E280: ABB | F280: B7-30-10-F-01 | G280: 1 | H280: Ea | I280: E | J280: C | L280: MT11-D5 | M280: 5 | N280: 46083 | Q280: CRANE
C281: 行车变压器 | D281: transformer | E281: DELEXI | F281: BK100(380-36V) | G281: 1 | H281: Ea | I281: E | J281: C | L281: MT11-B6 | M281: 1 | N281: 46083 | Q281: CRANE
C282: 继电器 | D282: relay | E282: finder | F282: 40.62.9.024.4000 | G282: 2 | H282: Ea | I282: E | J282: C | L282: MT11-D5 | M282: 12 | N282: 46083 | Q282: CRANE
C283: 切割切刀修理件 | D283: cutting cutter | E283: OTOKNIFE | F283: K61001 | G283: 5 | H283: Ea | I283: M | J283: B | L283: MT10-C2 | M283: 1 | N283: 46081 | Q283: SM4
C284: 手动换向阀 | D284: hand-operated direction valve | E284: SMUK | F284: XQ341061.0 | G284: 4 | H284: Ea | I284: M | J284: B | L284: MT10-A2 | M284: 1 | N284: 46081 | Q284: SM3
C285: 涂布切刀修理件 | D285: cutting knife repairing | E285: 鑫源胜德 | F285: DM05 | G285: 5 | H285: Ea | I285: M | J285: B | L285: MT9-C4 | M285: 1 | N285: 46083 | Q285: CM1
C286: 模拟输出模组 | D286: analog output module | E286: SIEMENS | F286: 6ES7135-6HD00-0BA1 | G286: 2 | H286: Ea | I286: E | J286: C | L286: MT5-A2 | M286: 1 | N286: 46081 | Q286: PMR
C287: 基座 | D287: substrate | E287: SIEMENS | F287: 6ES7193-6BP00-0DA0 | G287: 2 | H287: Ea | I287: E | J287: B | L287: MT5-A5 | M287: 2 | N287: 46081 | Q287: PMR
C288: CM储料架导轮 | D288: Guide wheel | E288: MATEX | F288: P400114A00 | G288: 1 | H288: Ea | I288: M | J288: C | L288: MT9-B5 | M288: 1 | N288: 46080 | Q288: CM2
C289: 油漆槽 | D289: Big heat exchanger | E289: RHINEBONI | F289: YC-LT-2250-304 | G289: 1 | H289: Ea | I289: M | J289: A | L289: MT12-F1 | M289: 1 | N289: 46083 | Q289: LM2
C290: 皮带 | D290: Belt | E290: GATES | F290: HTD 720-8M/20 GT2 | G290: 1 | H290: Ea | I290: E | J290: C | L290: MT11-D3 | M290: 1 | N290: 46083 | Q290: PM1
... C370: 搅拌缸轮子(黄) | D370: wheel | E370: SUPO | F370: Φ100*45 | G370: 4 | H370: Ea | I370: M | J370: C | L370: MT10-B6 | M370: 1 | N370: 46100 | Q370: PMR
C371: 工控机电池 | D371: battery | E371: SIEMENS | F371: 6ES7971-0BA00 | G371: 1 | H371: Ea | I371: E | J371: C | L371: MT5-A5 | M371: 2 | N371: 46096 | Q371: 2
C372: 接触器 | D372: contactor | E372: SIEMENS | F372: 3RT6027-1AN20 | G372: 5 | H372: Ea | I372: E | J372: C | L372: MT5-F3 | M372: 3 | N372: 46096 | Q372: EM5
C373: 2.5t制动器 | D373: Brake device | E373: DLMAG | F373: JDL25N-1/2F | G373: 1 | H373: Ea | I373: E | J373: C | L373: MT11-F6 | M373: 1 | N373: 46096 | Q373: CM1
C374: 搅拌缸轮子(黄) | D374: wheel | E374: SUPO | F374: Φ100*45 | G374: 4 | H374: Ea | I374: M | J374: C | L374: MT10-B6 | M374: 1 | N374: 46096 | Q374: PMR
C375: 不锈钢电箱 | D375: electrical cabinet | E375: NA | F375: 500*380*250mm | G375: 1 | H375: Ea | I375: U | J375: C | L375: MT8-D3 | M375: 1 | N375: 46092 | Q375: Utility
C376: 接触器 | D376: contactor | E376: 天正 | F376: CJX2F-115 380V | G376: 1 | H376: Ea | I376: U | J376: C | L376: MT8-D4 | M376: 2 | N376: 46101 | Q376: Utility
C377: 接触器 | D377: contactor | E377: 天正 | F377: CJX2-65 220V | G377: 1 | H377: Ea | I377: U | J377: C | L377: MT8-D4 | M377: 1 | N377: 46101 | Q377: Utility
C378: 水龙头 | D378: tap | E378: TOTO | F378: DL321 S | G378: 1 | H378: Ea | I378: U | J378: C | L378: MT8-E3 | M378: 1 | N378: 46100 | Q378: Utility
C379: 气缸 | D379: steam cylinder 19242 | E379: FESTO 193990 | F379: DSNU-20-200-PPV-A-S11 | G379: 1 | H379: Ea | I379: M | J379: B | L379: MT10-A3 | M379: 1 | N379: 46104 | Q379: CM2
C380: 爱曾维修包 | D380: repair kit | E380: AERZEN | F380: 180685001 | G380: 1 | H380: Ea | I380: M | J380: B | L380: MT10-D3 | M380: 1 | N380: 46104 | Q380: PMR
C381: 爱曾维修包 | D381: sealing kit | E381: AERZEN | F381: 180682000 | G381: 1 | H381: Ea | I381: M | J381: B | L381: MT10-D3 | M381: 1 | N381: 46104 | Q381: PMR
C382: 印刷扁过滤器 | D382: filter | E382: FOT | F382: MCT85-0592*0878*050-DG-A-5-3 | G382: 2 | H382: Ea | I382: M | J382: B | L382: MT10-A1 | M382: 4 | N382: 46103 | Q382: LM
C383: 印刷扁过滤器 | D383: filter | E383: FOT | F383: MCT85-0290*0878*050-DG-A-5-3 | G383: 2 | H383: Ea | I383: M | J383: B | L383: MT10-A1 | M383: 4 | N383: 46103 | Q383: LM
C384: 气压表 | D384: pneumatic element | E384: FESTO 8001506 | F384: PAGN-50-1,6M-G14 | G384: 2 | H384: Ea | I384: M | J384: C | L384: MT7-E2 | M384: 1 | N384: 46104 | Q384: CM2
C385: 气枪 | D385: blow gun | E385: CEJN 080250 | F385: 8025090 | G385: 2 | H385: Ea | I385: M | J385: C | L385: MT7-A5 | M385: 1 | N385: 46104 | Q385: LM
C386: 静电棒清洗套装 | D386: cleanner | E386: FRASER | F386: 81220 | G386: 1 | H386: Ea | I386: E | J386: A | L386: MT4-C2 | M386: 1 | N386: 46105 | Q386: CM
C387: Daimler模具 | D387: punch machine mould | E387: ANZE 配0.85mm针 | F387: 1950mm/7mm/0.9mm*4/1120 | G387: 3 | H387: Ea | I387: M | J387: B | L387: MT11-F4 | M387: 4 | N387: 46106 | Q387: PM2
C388: Daimler打孔机针板 | D388: punch machine plate | E388: wista | F388: 20/46061 | G388: 1 | H388: Ea | I388: M | J388: B | L388: MT11-F4 | M388: 1 | N388: 46106 | Q388: PM1
C389: Daimler打孔机针 | D389: punch machine pin | E389: wista | F389: 20/46061 Φ1,25*48 | G389: 1 | H389: Ea | I389: M | J389: B | L389: MT11-F4 | M389: 1 | N389: 46106 | Q389: PM1
C390: 羊毛毡片 | D390: sets Felt lining | E390: WISTA | F390: 2.3m*7cm*3mm | G390: 3 | H390: Ea | I390: M | J390: B | L390: MT11-D4 | M390: 4 | N390: 46105 | Q390: PM1
C391: 切割电柜门锁 | D391: cabinet lock | E391: NA 508 | F391: SM-LK91 | G391: 1 | H391: Ea | I391: E | J391: C | L391: MT5-D3 | M391: 1 | N391: 46105 | Q391: PMR
C392: 增压水泵 | D392: pump | E392: 粤华 | F392: SZ060B-P钢口十 三相 | G392: 1 | H392: Ea | I392: U | J392: C | L392: MT8-B6 | M392: 1 | N392: 46107 | Q392: Utility
C393: 水切机把手 | D393: handle | E393: NA | F393: 固定把手50mm | G393: 1 | H393: Ea | I393: E | J393: C | L393: MT11-F5 | M393: 5 | N393: 46107 | Q393: RO
C394: 超6类网线 | D394: wed cable | E394: 绿鑫达 | F394: RJ45-RJ45 1米 | G394: 1 | H394: Ea | I394: E | J394: C | L394: MT11-D5 | M394: 10 | N394: 46108 | Q394: Utility
C395: 连杆浮球液位开关 | D395: SWITCH | E395: 思派 | F395: SLH-P－E-2-F-800 | G395: 1 | H395: Ea | I395: U | J395: C | L395: MT8-E1 | M395: 1 | N395: 46106 | Q395: Utility
C396: 自喷漆 | D396: lacquer | E396: 三和 | F396: RAL3000 | G396: 1 | H396: Ea | I396: U | J396: C | L396: MT8-D6 | M396: 1 | N396: 46109 | Q396: Utility
C397: 不锈钢球阀 | D397: ball valve | E397: 奇高 | F397: 3/4 304 | G397: 3 | H397: Ea | I397: M | J397: C | L397: MT7-E5 | M397: 1 | N397: 46102 | Q397: Utility
C398: 外丝接头 | D398: outside thread joints | E398: NA | F398: 外丝3/4 304 | G398: 3 | H398: Ea | I398: M | J398: C | L398: MT7-B3 | M398: 1 | N398: 46102 | Q398: Utility
... C482: 卡盘小梯形键 | D482: chuck key | E482: coatec | F482: 65*28mm | G482: 6 | H482: Ea | I482: M | J482: C | L482: MT7-F5 | M482: 2 | N482: 46122 | Q482: EM
C483: 气枪 | D483: blow gun | E483: CEJN 080250 | F483: 8025090 | G483: 2 | H483: Ea | I483: M | J483: C | L483: MT7-A5 | M483: 1 | N483: 46122 | Q483: SM2
C484: 钢丝管 | D484: soft pipe | E484: 国产 | F484: 内径50mm | G484: 10 | H484: Ea | I484: M | J484: C | L484: MT12-F2 | M484: 45 | N484: 46122 | Q484: CM
C485: 高温轴承 | D485: bearing | E485: SKF | F485: 6005-2Z/VA208 | G485: 4 | H485: Ea | I485: M | J485: C | L485: MT7-D5 | M485: 4 | N485: 46122 | Q485: LM2
C486: 调心辊子轴承 574845 | D486: Self-aligning roller bearing | E486: Künemund Düsseldorf GmbH | F486: 2203.C4.P.COMP2 | G486: 60 | H486: Ea | I486: M | J486: B | L486: MT7-D2 | M486: 2 | N486: 46122 | Q486: LM2
C487: 切割刀座修理件 | D487: cutting cutter repaired | E487: OTOKNIFE | F487: 105*10mm | G487: 5 | H487: Ea | I487: M | J487: B | L487: MT10-C2 | M487: 1 | N487: 46122 | Q487: SM7
C488: 切割切刀修理件 | D488: cutting cutter | E488: OTOKNIFE | F488: K61001 | G488: 5 | H488: Ea | I488: M | J488: B | L488: MT10-C2 | M488: 1 | N488: 46122 | Q488: SM7
C489: EM储料架导轮 | D489: Guide wheel | E489: coatec | F489: Ø100X60 | G489: 4 | H489: Ea | I489: M | J489: C | L489: MT10-C4 | M489: 7 | N489: 46120 | Q489: EM3
C490: 搅拌缸轮子(黄) | D490: wheel | E490: SUPO | F490: Φ100*45 | G490: 4 | H490: Ea | I490: M | J490: C | L490: MT10-B6 | M490: 2 | N490: 46120 | Q490: PMR
C491: 电磁阀 | D491: solenoid valve | E491: 东正 220V | F491: 2W-160-15 | G491: 3 | H491: Ea | I491: M | J491: C | L491: MT5-E4 | M491: 1 | N491: 46119 | Q491: CM1
C492: 时间继电器 | D492: time relay | E492: TOKY | F492: HP4-RB40WB | G492: 1 | H492: Ea | I492: E | J492: C | L492: MT5-B5 | M492: 1 | N492: 46120 | Q492: CM
...
